"listingKey","no_of_reviews"
"10585","163"
"14411","70"
"5096","63"
"5490","50"
"6043","46"
"7604","38"
"6047","37"
"8550","36"
"12608","35"
"15206","31"
"10080","31"
"1711","30"
"9013","30"
"10680","29"
"32","29"
"8560","29"
"5073","28"
"10919","28"
"7006","27"
"10586","26"
"6834","26"
"3435","25"
"10520","25"
"6253","24"
"3362","23"
"10228","22"
"2996","22"
"7771","22"
"7664","22"
"9181","22"
"4114","21"
"6348","21"
"14670","21"
"4599","19"
"10917","19"
"1536","19"
"10676","19"
"3740","19"
"8191","18"
"10116","18"
"15883","18"
"2580","18"
"3863","18"
"183","18"
"13779","18"
"6549","17"
"10563","17"
"6041","17"
"6333","17"
"10600","17"
"193","17"
"10164","17"
"3364","17"
"6258","16"
"9947","16"
"5042","16"
"7772","16"
"12516","15"
"7773","15"
"4083","15"
"8245","15"
"9761","14"
"5473","14"
"10847","14"
"11050","14"
"13710","14"
"6561","14"
"5655","13"
"10019","13"
"3260","13"
"217","13"
"4865","13"
"7634","13"
"6683","12"
"7531","12"
"12549","12"
"16471","12"
"8561","12"
"12550","12"
"15043","12"
"14937","12"
"10991","12"
"15170","12"
"5177","12"
"7932","12"
"14048","12"
"10906","12"
"10070","12"
"7881","12"
"6444","12"
"1543","12"
"9342","12"
"4753","12"
"15029","12"
"2420","11"
"9856","11"
"12633","11"
"451","11"
"16762","11"
"8824","11"
"15617","11"
"5263","11"
"1954","11"
"16134","11"
"11467","11"
"7718","11"
"8949","10"
"14929","10"
"1085","10"
"12251","10"
"13802","10"
"13566","10"
"1610","10"
"13910","10"
"1248","10"
"15475","10"
"9746","10"
"6671","10"
"445","10"
"1419","10"
"15692","10"
"3258","10"
"754","10"
"14507","10"
"10100","10"
"17626","10"
"4986","10"
"13023","10"
"7342","10"
"3002","10"
"4694","10"
"10572","10"
"17327","10"
"6045","10"
"7281","9"
"5012","9"
"16840","9"
"16739","9"
"15624","9"
"11149","9"
"6710","9"
"8483","9"
"10214","9"
"17653","9"
"10551","9"
"10714","9"
"10250","9"
"1638","9"
"14579","9"
"504","9"
"17250","9"
"8284","9"
"4261","9"
"1411","9"
"2295","9"
"16983","9"
"13974","9"
"17101","9"
"2129","9"
"8201","9"
"6349","9"
"1403","9"
"13048","9"
"13543","9"
"2790","9"
"16349","9"
"15563","9"
"15744","9"
"13809","9"
"7611","9"
"5104","9"
"465","9"
"6602","9"
"7005","9"
"2693","9"
"6200","9"
"2741","9"
"10223","8"
"17367","8"
"10573","8"
"5482","8"
"937","8"
"464","8"
"12159","8"
"1299","8"
"7954","8"
"11132","8"
"17502","8"
"10001","8"
"7003","8"
"12869","8"
"6830","8"
"10205","8"
"5570","8"
"16650","8"
"1204","8"
"4805","8"
"11848","8"
"275","8"
"5625","8"
"5241","8"
"13346","8"
"7313","8"
"11912","8"
"3104","8"
"16742","8"
"3152","8"
"16745","8"
"860","8"
"16362","8"
"758","8"
"4654","8"
"1690","8"
"16357","8"
"14286","8"
"7635","8"
"5967","8"
"8551","8"
"742","8"
"13039","8"
"15154","8"
"8893","8"
"6031","8"
"17069","8"
"1627","8"
"15944","8"
"133","8"
"17552","8"
"7764","8"
"881","8"
"1559","8"
"574","8"
"8207","8"
"6116","8"
"7769","8"
"16810","8"
"135","8"
"2268","8"
"449","8"
"893","8"
"1200","8"
"11619","8"
"6209","8"
"980","8"
"9330","8"
"1410","8"
"17566","8"
"1409","8"
"14620","8"
"6360","8"
"17341","8"
"15419","8"
"1151","8"
"10749","8"
"1323","8"
"15650","8"
"4193","8"
"5212","8"
"928","8"
"9492","7"
"16728","7"
"16090","7"
"804","7"
"16094","7"
"12949","7"
"531","7"
"16775","7"
"1580","7"
"2298","7"
"6485","7"
"17465","7"
"1094","7"
"6062","7"
"8869","7"
"14483","7"
"12899","7"
"4134","7"
"12309","7"
"15257","7"
"3428","7"
"16102","7"
"12570","7"
"5013","7"
"3439","7"
"1186","7"
"4913","7"
"1093","7"
"9760","7"
"14996","7"
"2017","7"
"3453","7"
"10558","7"
"16542","7"
"17503","7"
"1520","7"
"10904","7"
"16651","7"
"14896","7"
"576","7"
"14802","7"
"5560","7"
"2057","7"
"6150","7"
"17570","7"
"14558","7"
"6893","7"
"15885","7"
"17368","7"
"8358","7"
"15439","7"
"890","7"
"4440","7"
"3888","7"
"15598","7"
"4425","7"
"2947","7"
"1475","7"
"4422","7"
"14954","7"
"3550","7"
"16993","7"
"16838","7"
"7448","7"
"1265","7"
"16309","7"
"12943","7"
"13692","7"
"1207","7"
"12632","7"
"5449","7"
"13749","7"
"16402","7"
"12198","7"
"15298","7"
"8721","7"
"5544","7"
"15309","7"
"6259","7"
"11273","7"
"4070","7"
"16882","7"
"207","7"
"15647","7"
"524","7"
"17793","7"
"1420","7"
"11245","7"
"296","7"
"12025","7"
"9562","7"
"6829","7"
"16639","7"
"16980","7"
"1077","7"
"443","7"
"10675","7"
"4086","7"
"286","7"
"14704","7"
"1036","7"
"6788","7"
"16546","7"
"2548","7"
"10326","7"
"4866","7"
"17338","7"
"17160","7"
"17103","7"
"15745","7"
"5509","7"
"6776","7"
"9292","7"
"6758","7"
"16964","7"
"15743","7"
"17438","7"
"9968","7"
"6532","7"
"10758","7"
"5220","7"
"14283","7"
"16450","7"
"4108","7"
"863","7"
"15106","7"
"16350","7"
"1674","7"
"14866","7"
"16509","7"
"11076","7"
"14308","7"
"12889","7"
"13246","7"
"9199","7"
"213","7"
"5064","7"
"2325","7"
"7713","7"
"1709","7"
"15950","7"
"2493","7"
"387","7"
"3338","7"
"15134","7"
"1715","7"
"15141","7"
"15949","7"
"14931","7"
"659","7"
"10934","7"
"17464","7"
"3361","7"
"2496","7"
"5875","7"
"15697","7"
"15025","7"
"17434","7"
"4743","7"
"10514","7"
"14837","7"
"1785","7"
"12995","7"
"7612","7"
"677","7"
"14800","6"
"29","6"
"2611","6"
"797","6"
"5074","6"
"2653","6"
"9707","6"
"793","6"
"2696","6"
"2718","6"
"16330","6"
"11703","6"
"5001","6"
"2751","6"
"5000","6"
"14924","6"
"2767","6"
"2772","6"
"2774","6"
"16290","6"
"2809","6"
"16240","6"
"518","6"
"17437","6"
"4879","6"
"16237","6"
"14980","6"
"987","6"
"3080","6"
"16097","6"
"4764","6"
"17436","6"
"12288","6"
"144","6"
"7307","6"
"15041","6"
"17161","6"
"4668","6"
"8179","6"
"3217","6"
"4643","6"
"548","6"
"9798","6"
"15970","6"
"8168","6"
"551","6"
"751","6"
"3283","6"
"723","6"
"563","6"
"3368","6"
"11643","6"
"15943","6"
"15942","6"
"15940","6"
"7253","6"
"8934","6"
"4467","6"
"15259","6"
"15288","6"
"3451","6"
"12767","6"
"3455","6"
"9842","6"
"9845","6"
"3460","6"
"15904","6"
"4449","6"
"700","6"
"3470","6"
"4445","6"
"699","6"
"3499","6"
"3509","6"
"3546","6"
"12777","6"
"3558","6"
"3561","6"
"4415","6"
"9859","6"
"4357","6"
"15796","6"
"7208","6"
"8954","6"
"8449","6"
"8967","6"
"7206","6"
"9891","6"
"17393","6"
"15713","6"
"4260","6"
"676","6"
"4194","6"
"15649","6"
"1235","6"
"675","6"
"4177","6"
"13554","6"
"976","6"
"670","6"
"3819","6"
"636","6"
"4066","6"
"3899","6"
"3916","6"
"7124","6"
"9935","6"
"15500","6"
"656","6"
"7050","6"
"1048","6"
"17086","6"
"12787","6"
"9010","6"
"1112","6"
"9019","6"
"13675","6"
"969","6"
"11414","6"
"1080","6"
"9043","6"
"6979","6"
"12832","6"
"6961","6"
"6955","6"
"13684","6"
"6940","6"
"16995","6"
"10137","6"
"16994","6"
"6884","6"
"11340","6"
"12477","6"
"6858","6"
"82","6"
"963","6"
"11290","6"
"9130","6"
"16990","6"
"13776","6"
"12848","6"
"8728","6"
"961","6"
"6808","6"
"13786","6"
"10343","6"
"13810","6"
"13811","6"
"11127","6"
"6756","6"
"6751","6"
"16986","6"
"10388","6"
"6733","6"
"11112","6"
"12457","6"
"12163","6"
"11097","6"
"12160","6"
"6707","6"
"8384","6"
"13907","6"
"10475","6"
"10499","6"
"10509","6"
"6624","6"
"11051","6"
"930","6"
"13927","6"
"10982","6"
"10587","6"
"8759","6"
"7814","6"
"10661","6"
"13963","6"
"1101","6"
"10696","6"
"13981","6"
"16967","6"
"13984","6"
"10751","6"
"14023","6"
"10792","6"
"7804","6"
"12047","6"
"8604","6"
"17832","6"
"1351","6"
"1352","6"
"6426","6"
"14061","6"
"917","6"
"7783","6"
"12982","6"
"14068","6"
"1394","6"
"14087","6"
"6353","6"
"12026","6"
"358","6"
"12024","6"
"16869","6"
"12021","6"
"16868","6"
"1441","6"
"1458","6"
"1467","6"
"9380","6"
"16830","6"
"895","6"
"16813","6"
"16811","6"
"1499","6"
"6152","6"
"16808","6"
"17104","6"
"14260","6"
"304","6"
"11980","6"
"7765","6"
"879","6"
"9423","6"
"1608","6"
"1609","6"
"13005","6"
"384","6"
"6042","6"
"1624","6"
"6028","6"
"14277","6"
"5993","6"
"5986","6"
"13042","6"
"5966","6"
"16744","6"
"405","6"
"14343","6"
"14370","6"
"5785","6"
"8531","6"
"16737","6"
"840","6"
"17529","6"
"839","6"
"1875","6"
"279","6"
"11880","6"
"5640","6"
"16714","6"
"8285","6"
"834","6"
"1982","6"
"833","6"
"5589","6"
"428","6"
"5553","6"
"14510","6"
"11817","6"
"9573","6"
"9576","6"
"12568","6"
"17475","6"
"17064","6"
"2156","6"
"2164","6"
"5470","6"
"440","6"
"2205","6"
"5432","6"
"5413","6"
"9594","6"
"5405","6"
"819","6"
"2243","6"
"2267","6"
"12725","6"
"14635","6"
"1121","6"
"5314","6"
"2319","6"
"11795","6"
"2345","6"
"17701","6"
"9627","6"
"5218","6"
"2405","6"
"8877","6"
"13239","6"
"11768","6"
"5178","6"
"9657","6"
"7422","6"
"17698","6"
"802","6"
"14791","6"
"14801","6"
"10599","5"
"3807","5"
"4111","5"
"10604","5"
"1100","5"
"6539","5"
"1313","5"
"10612","5"
"10935","5"
"15470","5"
"10615","5"
"6536","5"
"16975","5"
"4148","5"
"13544","5"
"7847","5"
"2567","5"
"2177","5"
"9901","5"
"17349","5"
"3790","5"
"13959","5"
"10673","5"
"10674","5"
"15467","5"
"625","5"
"17219","5"
"4188","5"
"6514","5"
"624","5"
"13147","5"
"13509","5"
"3777","5"
"4901","5"
"3769","5"
"9241","5"
"1148","5"
"17567","5"
"11767","5"
"8767","5"
"17168","5"
"6487","5"
"1233","5"
"6477","5"
"4196","5"
"8882","5"
"4909","5"
"17348","5"
"51","5"
"4265","5"
"2817","5"
"3727","5"
"17343","5"
"7807","5"
"4301","5"
"347","5"
"9277","5"
"13992","5"
"15396","5"
"5415","5"
"9283","5"
"2441","5"
"14756","5"
"1330","5"
"348","5"
"1333","5"
"2508","5"
"1339","5"
"7205","5"
"6440","5"
"2805","5"
"2565","5"
"2224","5"
"14588","5"
"1354","5"
"7794","5"
"17130","5"
"606","5"
"6412","5"
"16933","5"
"16921","5"
"1367","5"
"6411","5"
"14618","5"
"16259","5"
"17102","5"
"9731","5"
"7403","5"
"16899","5"
"12650","5"
"8365","5"
"14928","5"
"14075","5"
"605","5"
"8785","5"
"14927","5"
"16544","5"
"1398","5"
"12276","5"
"9883","5"
"2773","5"
"4353","5"
"15773","5"
"5342","5"
"15794","5"
"3655","5"
"3644","5"
"1412","5"
"1228","5"
"169","5"
"4390","5"
"9865","5"
"3605","5"
"7209","5"
"4947","5"
"15844","5"
"4999","5"
"6332","5"
"5171","5"
"2754","5"
"9725","5"
"6294","5"
"1439","5"
"14803","5"
"9861","5"
"9357","5"
"1447","5"
"12013","5"
"360","5"
"913","5"
"14177","5"
"15310","5"
"316","5"
"698","5"
"16347","5"
"11615","5"
"14189","5"
"593","5"
"4417","5"
"16532","5"
"4418","5"
"365","5"
"14193","5"
"582","5"
"4419","5"
"580","5"
"12590","5"
"13481","5"
"5325","5"
"11713","5"
"1158","5"
"15297","5"
"11995","5"
"15884","5"
"5169","5"
"889","5"
"454","5"
"11627","5"
"12620","5"
"17148","5"
"468","5"
"5037","5"
"16807","5"
"1508","5"
"6151","5"
"4447","5"
"888","5"
"14199","5"
"4452","5"
"3457","5"
"2296","5"
"7766","5"
"1524","5"
"14201","5"
"6130","5"
"3454","5"
"13436","5"
"883","5"
"6103","5"
"1539","5"
"1540","5"
"15929","5"
"1545","5"
"16789","5"
"14245","5"
"16785","5"
"2297","5"
"1551","5"
"11635","5"
"16348","5"
"17555","5"
"15252","5"
"1562","5"
"372","5"
"3421","5"
"5284","5"
"9615","5"
"17325","5"
"15213","5"
"17624","5"
"14261","5"
"14262","5"
"14263","5"
"1576","5"
"1578","5"
"9825","5"
"1050","5"
"6058","5"
"6049","5"
"15169","5"
"5283","5"
"12994","5"
"8791","5"
"1596","5"
"8454","5"
"12393","5"
"17308","5"
"15165","5"
"1605","5"
"716","5"
"5276","5"
"14766","5"
"4516","5"
"1611","5"
"1614","5"
"13192","5"
"2692","5"
"8333","5"
"1218","5"
"129","5"
"385","5"
"1220","5"
"17324","5"
"8165","5"
"15161","5"
"562","5"
"15138","5"
"2328","5"
"14275","5"
"13380","5"
"5266","5"
"15129","5"
"11659","5"
"2646","5"
"9435","5"
"4596","5"
"2638","5"
"12675","5"
"1663","5"
"15117","5"
"17114","5"
"199","5"
"1089","5"
"11670","5"
"15112","5"
"479","5"
"146","5"
"7451","5"
"753","5"
"3254","5"
"15974","5"
"5935","5"
"15068","5"
"16751","5"
"5905","5"
"13376","5"
"15985","5"
"16748","5"
"3222","5"
"11951","5"
"13044","5"
"3205","5"
"16746","5"
"3204","5"
"4695","5"
"1091","5"
"16022","5"
"15035","5"
"5245","5"
"12325","5"
"4703","5"
"5870","5"
"14342","5"
"11930","5"
"5157","5"
"1731","5"
"2634","5"
"1737","5"
"14789","5"
"16032","5"
"5783","5"
"12701","5"
"14405","5"
"9775","5"
"410","5"
"846","5"
"14412","5"
"17598","5"
"16743","5"
"1061","5"
"4749","5"
"8894","5"
"5742","5"
"16741","5"
"7627","5"
"11678","5"
"2631","5"
"3125","5"
"1794","5"
"16073","5"
"16734","5"
"1051","5"
"16730","5"
"17530","5"
"1824","5"
"5227","5"
"16729","5"
"14440","5"
"767","5"
"5222","5"
"14443","5"
"15001","5"
"5725","5"
"3099","5"
"1842","5"
"7609","5"
"17076","5"
"7400","5"
"5696","5"
"7579","5"
"5688","5"
"5687","5"
"7449","5"
"1883","5"
"4765","5"
"1890","5"
"1891","5"
"16365","5"
"1180","5"
"107","5"
"5684","5"
"3084","5"
"11764","5"
"16372","5"
"836","5"
"16098","5"
"8826","5"
"5081","5"
"16100","5"
"3064","5"
"2389","5"
"16682","5"
"13064","5"
"297","5"
"1953","5"
"4766","5"
"14999","5"
"16477","5"
"3048","5"
"3045","5"
"5091","5"
"9762","5"
"11772","5"
"8258","5"
"14990","5"
"16106","5"
"2997","5"
"4815","5"
"12324","5"
"205","5"
"5571","5"
"9555","5"
"772","5"
"11843","5"
"830","5"
"14958","5"
"11357","5"
"14955","5"
"13731","5"
"8028","5"
"2058","5"
"16473","5"
"17096","5"
"17180","5"
"314","5"
"13695","5"
"13744","5"
"9102","5"
"1263","5"
"9067","5"
"16128","5"
"10132","5"
"12841","5"
"12631","5"
"8009","5"
"6931","5"
"11307","5"
"12218","5"
"16146","5"
"828","5"
"8727","5"
"11389","5"
"12299","5"
"13683","5"
"12846","5"
"12601","5"
"10083","5"
"13767","5"
"9125","5"
"8067","5"
"10229","5"
"10230","5"
"13323","5"
"8192","5"
"290","5"
"11390","5"
"10251","5"
"8410","5"
"967","5"
"12830","5"
"14703","5"
"8712","5"
"2911","5"
"6815","5"
"14830","5"
"1249","5"
"16413","5"
"13270","5"
"1118","5"
"6997","5"
"10304","5"
"1083","5"
"11178","5"
"6794","5"
"7002","5"
"12503","5"
"10021","5"
"10000","5"
"10337","5"
"826","5"
"12248","5"
"17006","5"
"12462","5"
"11154","5"
"11471","5"
"11145","5"
"11140","5"
"14948","5"
"1282","5"
"2094","5"
"12829","5"
"13322","5"
"9980","5"
"7518","5"
"5507","5"
"7439","5"
"11118","5"
"10380","5"
"13831","5"
"11482","5"
"6743","5"
"1032","5"
"16589","5"
"8144","5"
"11503","5"
"2122","5"
"2128","5"
"12174","5"
"12634","5"
"9965","5"
"13312","5"
"14936","5"
"1030","5"
"13669","5"
"9957","5"
"13860","5"
"8387","5"
"14827","5"
"5487","5"
"12350","5"
"9954","5"
"6703","5"
"10446","5"
"437","5"
"13901","5"
"824","5"
"947","5"
"50","5"
"17791","5"
"10468","5"
"650","5"
"14522","5"
"13911","5"
"12157","5"
"13644","5"
"9941","5"
"11064","5"
"16575","5"
"17209","5"
"10508","5"
"7418","5"
"658","5"
"7111","5"
"17792","5"
"13618","5"
"66","5"
"15542","5"
"6640","5"
"11057","5"
"8379","5"
"11056","5"
"4893","5"
"1304","5"
"3931","5"
"2158","5"
"8756","5"
"3984","5"
"3988","5"
"4050","5"
"12640","5"
"15496","5"
"15557","5"
"2159","5"
"13606","5"
"12112","5"
"13594","5"
"138","5"
"4065","5"
"8981","5"
"15491","5"
"10578","5"
"11748","5"
"13948","5"
"6550","5"
"668","5"
"3846","5"
"4897","5"
"13586","5"
"17351","5"
"6547","5"
"14714","5"
"8978","5"
"6542","5"
"870","4"
"1097","4"
"8584","4"
"12587","4"
"8592","4"
"12575","4"
"306","4"
"1104","4"
"12560","4"
"12559","4"
"8646","4"
"12547","4"
"17068","4"
"1113","4"
"12446","4"
"8763","4"
"12445","4"
"12422","4"
"8801","4"
"12371","4"
"8814","4"
"12369","4"
"18","4"
"8839","4"
"8852","4"
"8853","4"
"8887","4"
"8889","4"
"12316","4"
"12307","4"
"12300","4"
"1127","4"
"1128","4"
"8931","4"
"12282","4"
"8951","4"
"8965","4"
"12275","4"
"9001","4"
"9018","4"
"12246","4"
"9026","4"
"12244","4"
"12229","4"
"12224","4"
"12223","4"
"12222","4"
"9064","4"
"9103","4"
"9104","4"
"1138","4"
"12193","4"
"12192","4"
"9146","4"
"12175","4"
"9167","4"
"9168","4"
"9173","4"
"17058","4"
"12121","4"
"12114","4"
"12113","4"
"12088","4"
"1146","4"
"12071","4"
"12069","4"
"17050","4"
"12045","4"
"12036","4"
"9319","4"
"17048","4"
"11994","4"
"11981","4"
"11977","4"
"11974","4"
"9428","4"
"9430","4"
"1161","4"
"11956","4"
"21","4"
"11929","4"
"1175","4"
"17568","4"
"1177","4"
"9527","4"
"1181","4"
"11851","4"
"11850","4"
"11845","4"
"9560","4"
"9577","4"
"11812","4"
"9584","4"
"9586","4"
"1195","4"
"9597","4"
"9605","4"
"11798","4"
"1201","4"
"11785","4"
"1205","4"
"11773","4"
"9644","4"
"1210","4"
"9656","4"
"11751","4"
"1212","4"
"11746","4"
"11738","4"
"1213","4"
"9697","4"
"9711","4"
"11733","4"
"11706","4"
"11698","4"
"9751","4"
"11681","4"
"11679","4"
"9772","4"
"17018","4"
"11675","4"
"11671","4"
"9803","4"
"9814","4"
"9818","4"
"1221","4"
"9828","4"
"1223","4"
"9841","4"
"1226","4"
"9851","4"
"11589","4"
"11584","4"
"9875","4"
"17015","4"
"11582","4"
"17014","4"
"9886","4"
"11527","4"
"9930","4"
"9951","4"
"11493","4"
"9970","4"
"9976","4"
"9977","4"
"11479","4"
"11478","4"
"11457","4"
"17000","4"
"11445","4"
"1244","4"
"10003","4"
"10004","4"
"80","4"
"11443","4"
"11442","4"
"11435","4"
"11426","4"
"10063","4"
"10071","4"
"10074","4"
"11408","4"
"10079","4"
"10081","4"
"11385","4"
"10118","4"
"10129","4"
"10134","4"
"11370","4"
"11361","4"
"334","4"
"10171","4"
"11316","4"
"1269","4"
"11313","4"
"10193","4"
"1270","4"
"11310","4"
"10213","4"
"11298","4"
"336","4"
"10231","4"
"11202","4"
"10285","4"
"1275","4"
"10303","4"
"11182","4"
"16989","4"
"10350","4"
"11117","4"
"89","4"
"341","4"
"11115","4"
"10394","4"
"10395","4"
"16982","4"
"10401","4"
"17560","4"
"10426","4"
"11096","4"
"11088","4"
"10450","4"
"10472","4"
"10488","4"
"10510","4"
"346","4"
"10512","4"
"10525","4"
"1305","4"
"1307","4"
"11025","4"
"11008","4"
"1311","4"
"10594","4"
"10961","4"
"10605","4"
"10625","4"
"10639","4"
"10924","4"
"10686","4"
"10691","4"
"10694","4"
"10896","4"
"10889","4"
"10728","4"
"10826","4"
"10816","4"
"10805","4"
"10797","4"
"10794","4"
"16953","4"
"1340","4"
"1346","4"
"1355","4"
"16920","4"
"16909","4"
"16906","4"
"1385","4"
"16897","4"
"1392","4"
"16895","4"
"353","4"
"1406","4"
"357","4"
"1423","4"
"16878","4"
"17766","4"
"1442","4"
"1444","4"
"1448","4"
"1456","4"
"1468","4"
"1477","4"
"1478","4"
"16828","4"
"367","4"
"17556","4"
"1518","4"
"1521","4"
"1523","4"
"1554","4"
"373","4"
"1566","4"
"16784","4"
"1590","4"
"1592","4"
"16767","4"
"17546","4"
"17543","4"
"1616","4"
"1621","4"
"1635","4"
"16756","4"
"1653","4"
"17729","4"
"1658","4"
"17538","4"
"392","4"
"1668","4"
"103","4"
"1675","4"
"16754","4"
"401","4"
"1700","4"
"17923","4"
"1706","4"
"1714","4"
"17532","4"
"1741","4"
"408","4"
"1764","4"
"1769","4"
"412","4"
"1795","4"
"16732","4"
"1837","4"
"1839","4"
"1847","4"
"1851","4"
"1862","4"
"1885","4"
"1894","4"
"1905","4"
"16715","4"
"1932","4"
"16707","4"
"16705","4"
"16681","4"
"17504","4"
"109","4"
"1992","4"
"16662","4"
"16659","4"
"16656","4"
"2033","4"
"2039","4"
"429","4"
"2072","4"
"2074","4"
"430","4"
"431","4"
"16631","4"
"16602","4"
"2089","4"
"2108","4"
"2142","4"
"2144","4"
"438","4"
"2184","4"
"442","4"
"2215","4"
"16548","4"
"2237","4"
"446","4"
"2272","4"
"2285","4"
"16523","4"
"2293","4"
"110","4"
"2320","4"
"461","4"
"462","4"
"2351","4"
"16501","4"
"2364","4"
"16480","4"
"2382","4"
"2388","4"
"16479","4"
"2404","4"
"2409","4"
"2416","4"
"2419","4"
"16472","4"
"2425","4"
"2432","4"
"2436","4"
"16448","4"
"2460","4"
"17918","4"
"2474","4"
"16432","4"
"117","4"
"472","4"
"2510","4"
"474","4"
"481","4"
"16420","4"
"2562","4"
"122","4"
"16418","4"
"2627","4"
"16364","4"
"488","4"
"16358","4"
"2689","4"
"2724","4"
"17463","4"
"17663","4"
"498","4"
"2745","4"
"16277","4"
"2796","4"
"17654","4"
"16206","4"
"16183","4"
"16175","4"
"2915","4"
"2925","4"
"16152","4"
"16115","4"
"526","4"
"3023","4"
"3035","4"
"16104","4"
"16095","4"
"3092","4"
"3096","4"
"16086","4"
"3131","4"
"3136","4"
"16071","4"
"16003","4"
"3202","4"
"15988","4"
"15983","4"
"3244","4"
"3263","4"
"3267","4"
"3276","4"
"3312","4"
"3314","4"
"147","4"
"15947","4"
"3373","4"
"3374","4"
"3395","4"
"3412","4"
"149","4"
"3414","4"
"3417","4"
"3420","4"
"3433","4"
"153","4"
"3452","4"
"3456","4"
"3459","4"
"15903","4"
"154","4"
"3519","4"
"3556","4"
"3566","4"
"586","4"
"592","4"
"15872","4"
"15847","4"
"15846","4"
"3601","4"
"17395","4"
"15801","4"
"3642","4"
"3656","4"
"17394","4"
"17620","4"
"15783","4"
"602","4"
"15772","4"
"15759","4"
"3676","4"
"15753","4"
"3685","4"
"17618","4"
"3716","4"
"3754","4"
"17924","4"
"3765","4"
"623","4"
"629","4"
"3792","4"
"15630","4"
"3795","4"
"3799","4"
"3813","4"
"3835","4"
"3845","4"
"15583","4"
"15559","4"
"3904","4"
"3926","4"
"644","4"
"3935","4"
"15526","4"
"3940","4"
"647","4"
"3947","4"
"184","4"
"3964","4"
"3994","4"
"3998","4"
"4003","4"
"4030","4"
"17361","4"
"17360","4"
"4068","4"
"15489","4"
"671","4"
"15446","4"
"15426","4"
"4235","4"
"15425","4"
"4268","4"
"15395","4"
"15362","4"
"4366","4"
"4382","4"
"15327","4"
"4389","4"
"4408","4"
"15289","4"
"4432","4"
"4435","4"
"17612","4"
"702","4"
"197","4"
"4473","4"
"704","4"
"705","4"
"4498","4"
"15189","4"
"15183","4"
"713","4"
"15167","4"
"724","4"
"15155","4"
"734","4"
"15148","4"
"4585","4"
"4586","4"
"4587","4"
"17316","4"
"736","4"
"198","4"
"15086","4"
"15085","4"
"15073","4"
"15072","4"
"15061","4"
"756","4"
"761","4"
"4692","4"
"4698","4"
"4706","4"
"15034","4"
"763","4"
"15022","4"
"15017","4"
"200","4"
"766","4"
"15012","4"
"4768","4"
"4788","4"
"4827","4"
"14977","4"
"4848","4"
"208","4"
"4863","4"
"4864","4"
"17611","4"
"4871","4"
"4898","4"
"4903","4"
"14930","4"
"4941","4"
"4972","4"
"14922","4"
"4978","4"
"14902","4"
"4987","4"
"14885","4"
"5036","4"
"5043","4"
"14867","4"
"5068","4"
"796","4"
"17838","4"
"5135","4"
"5141","4"
"14785","4"
"14782","4"
"5166","4"
"14737","4"
"14689","4"
"5236","4"
"14686","4"
"5277","4"
"14665","4"
"816","4"
"5315","4"
"14638","4"
"5328","4"
"17294","4"
"14625","4"
"5357","4"
"5369","4"
"14616","4"
"5380","4"
"14596","4"
"5401","4"
"17293","4"
"221","4"
"5456","4"
"823","4"
"14538","4"
"5466","4"
"14519","4"
"5505","4"
"14512","4"
"5526","4"
"5534","4"
"14503","4"
"5554","4"
"14497","4"
"5609","4"
"14482","4"
"5637","4"
"14475","4"
"5653","4"
"837","4"
"230","4"
"14419","4"
"14414","4"
"55","4"
"5766","4"
"5770","4"
"14407","4"
"847","4"
"14403","4"
"14393","4"
"5815","4"
"14383","4"
"5836","4"
"246","4"
"5841","4"
"14359","4"
"14352","4"
"14350","4"
"17281","4"
"857","4"
"14332","4"
"5903","4"
"5937","4"
"14284","4"
"867","4"
"14281","4"
"14279","4"
"17252","4"
"6005","4"
"876","4"
"6021","4"
"17251","4"
"6057","4"
"14258","4"
"14253","4"
"14252","4"
"14242","4"
"884","4"
"6146","4"
"891","4"
"6168","4"
"14198","4"
"6171","4"
"6178","4"
"6193","4"
"894","4"
"17246","4"
"14194","4"
"6206","4"
"6212","4"
"908","4"
"6235","4"
"6248","4"
"912","4"
"14187","4"
"6303","4"
"14121","4"
"14109","4"
"6313","4"
"6324","4"
"6328","4"
"14103","4"
"14102","4"
"14098","4"
"6363","4"
"6366","4"
"6367","4"
"6368","4"
"14094","4"
"14090","4"
"14072","4"
"6420","4"
"14001","4"
"6474","4"
"6493","4"
"13979","4"
"920","4"
"922","4"
"13951","4"
"6576","4"
"6586","4"
"17212","4"
"6603","4"
"933","4"
"936","4"
"6613","4"
"938","4"
"950","4"
"13888","4"
"6699","4"
"6706","4"
"17202","4"
"952","4"
"953","4"
"6759","4"
"955","4"
"13799","4"
"13781","4"
"17199","4"
"17189","4"
"17578","4"
"6909","4"
"6953","4"
"6968","4"
"268","4"
"7004","4"
"13643","4"
"7083","4"
"13642","4"
"973","4"
"7100","4"
"13608","4"
"7136","4"
"13589","4"
"7186","4"
"7187","4"
"7191","4"
"7203","4"
"17166","4"
"13456","4"
"13425","4"
"13400","4"
"17164","4"
"13390","4"
"13374","4"
"7292","4"
"985","4"
"13347","4"
"13343","4"
"7331","4"
"988","4"
"7349","4"
"272","4"
"7368","4"
"7407","4"
"7419","4"
"13195","4"
"994","4"
"7472","4"
"13190","4"
"7499","4"
"17125","4"
"7502","4"
"13138","4"
"13136","4"
"7535","4"
"13091","4"
"7541","4"
"13075","4"
"13071","4"
"17118","4"
"13063","4"
"7573","4"
"13058","4"
"7598","4"
"1008","4"
"7600","4"
"13054","4"
"7655","4"
"7661","4"
"7662","4"
"7663","4"
"7669","4"
"7673","4"
"7695","4"
"7701","4"
"13020","4"
"7729","4"
"13003","4"
"13001","4"
"17107","4"
"7776","4"
"7785","4"
"12973","4"
"12966","4"
"7805","4"
"7829","4"
"12932","4"
"7838","4"
"7868","4"
"12917","4"
"12913","4"
"1026","4"
"7885","4"
"12912","4"
"12906","4"
"7893","4"
"7908","4"
"12885","4"
"12878","4"
"1033","4"
"7972","4"
"7974","4"
"17100","4"
"1039","4"
"7990","4"
"7995","4"
"288","4"
"8012","4"
"8030","4"
"12840","4"
"12839","4"
"8115","4"
"8117","4"
"12827","4"
"12816","4"
"12798","4"
"8157","4"
"8188","4"
"12762","4"
"12752","4"
"8216","4"
"8225","4"
"8241","4"
"8242","4"
"12724","4"
"1055","4"
"298","4"
"8264","4"
"8267","4"
"1058","4"
"8291","4"
"12705","4"
"8311","4"
"8319","4"
"12670","4"
"1065","4"
"8332","4"
"12664","4"
"8372","4"
"12635","4"
"1072","4"
"8390","4"
"8406","4"
"17072","4"
"17071","4"
"12626","4"
"12621","4"
"12619","4"
"8461","4"
"12609","4"
"17070","4"
"2703","3"
"17028","3"
"791","3"
"5051","3"
"9466","3"
"16353","3"
"130","3"
"2664","3"
"5067","3"
"9460","3"
"2654","3"
"2651","3"
"794","3"
"2642","3"
"7638","3"
"17674","3"
"14831","3"
"2623","3"
"2601","3"
"799","3"
"16377","3"
"16383","3"
"2585","3"
"2573","3"
"14825","3"
"14823","3"
"14814","3"
"16419","3"
"11962","3"
"17869","3"
"16425","3"
"478","3"
"120","3"
"801","3"
"8817","3"
"2528","3"
"8615","3"
"5148","3"
"5149","3"
"803","3"
"2484","3"
"16437","3"
"8815","3"
"5161","3"
"5163","3"
"8612","3"
"5165","3"
"17033","3"
"2469","3"
"467","3"
"2457","3"
"2448","3"
"16453","3"
"16454","3"
"5190","3"
"14745","3"
"5202","3"
"12696","3"
"2426","3"
"2414","3"
"5209","3"
"5210","3"
"2411","3"
"2401","3"
"2384","3"
"2369","3"
"16482","3"
"16495","3"
"14695","3"
"9454","3"
"5232","3"
"12387","3"
"2359","3"
"16503","3"
"280","3"
"460","3"
"17305","3"
"5259","3"
"14683","3"
"16506","3"
"2329","3"
"2322","3"
"16513","3"
"17041","3"
"16520","3"
"2310","3"
"16522","3"
"9437","3"
"813","3"
"14651","3"
"1064","3"
"14650","3"
"5301","3"
"455","3"
"8554","3"
"13021","3"
"16526","3"
"8488","3"
"452","3"
"11965","3"
"5337","3"
"818","3"
"2262","3"
"17108","3"
"14624","3"
"16545","3"
"9433","3"
"16547","3"
"5367","3"
"13011","3"
"8501","3"
"13009","3"
"7736","3"
"14592","3"
"2232","3"
"5391","3"
"16551","3"
"2222","3"
"11970","3"
"14569","3"
"2218","3"
"8512","3"
"2213","3"
"16553","3"
"282","3"
"14568","3"
"14564","3"
"16563","3"
"2206","3"
"822","3"
"16564","3"
"309","3"
"5457","3"
"12997","3"
"5463","3"
"9426","3"
"11978","3"
"16566","3"
"16569","3"
"5480","3"
"17473","3"
"16578","3"
"2150","3"
"2143","3"
"436","3"
"8513","3"
"9418","3"
"16591","3"
"16594","3"
"17774","3"
"2091","3"
"17291","3"
"2076","3"
"17045","3"
"2071","3"
"5529","3"
"11988","3"
"1019","3"
"16640","3"
"5540","3"
"2069","3"
"2060","3"
"11993","3"
"16649","3"
"5563","3"
"5566","3"
"2041","3"
"2037","3"
"2032","3"
"7770","3"
"14494","3"
"14484","3"
"2000","3"
"17289","3"
"16677","3"
"5603","3"
"1952","3"
"9382","3"
"17599","3"
"16712","3"
"1931","3"
"5627","3"
"11996","3"
"14481","3"
"1930","3"
"1155","3"
"17523","3"
"12663","3"
"12035","3"
"16716","3"
"5656","3"
"1153","3"
"5672","3"
"1152","3"
"1910","3"
"1873","3"
"1871","3"
"5690","3"
"14473","3"
"5694","3"
"16717","3"
"5702","3"
"14458","3"
"1852","3"
"16718","3"
"1835","3"
"1832","3"
"5735","3"
"5737","3"
"1830","3"
"14428","3"
"8788","3"
"1772","3"
"9305","3"
"12978","3"
"1762","3"
"5747","3"
"5749","3"
"1761","3"
"411","3"
"12661","3"
"1753","3"
"7793","3"
"12039","3"
"409","3"
"5779","3"
"12968","3"
"848","3"
"1746","3"
"849","3"
"1739","3"
"5786","3"
"12412","3"
"5789","3"
"14402","3"
"12051","3"
"12660","3"
"5818","3"
"14392","3"
"12056","3"
"12963","3"
"12057","3"
"17589","3"
"12948","3"
"1735","3"
"14369","3"
"12070","3"
"9232","3"
"7816","3"
"12421","3"
"1730","3"
"5863","3"
"856","3"
"5867","3"
"1726","3"
"1725","3"
"1724","3"
"8782","3"
"17276","3"
"1713","3"
"12930","3"
"14323","3"
"16747","3"
"14297","3"
"14295","3"
"7837","3"
"16750","3"
"17265","3"
"14289","3"
"1687","3"
"8514","3"
"399","3"
"105","3"
"9229","3"
"251","3"
"865","3"
"5959","3"
"7856","3"
"1680","3"
"16752","3"
"393","3"
"17263","3"
"7858","3"
"17574","3"
"1669","3"
"16755","3"
"252","3"
"5991","3"
"1655","3"
"16758","3"
"1643","3"
"7861","3"
"14271","3"
"8375","3"
"9228","3"
"8758","3"
"16759","3"
"6030","3"
"16761","3"
"6032","3"
"100","3"
"1622","3"
"1602","3"
"16774","3"
"1588","3"
"1587","3"
"1586","3"
"8377","3"
"7874","3"
"1585","3"
"1574","3"
"16780","3"
"1571","3"
"1567","3"
"1564","3"
"1552","3"
"1550","3"
"8515","3"
"12085","3"
"308","3"
"14251","3"
"96","3"
"16795","3"
"8382","3"
"1537","3"
"8749","3"
"6113","3"
"886","3"
"16798","3"
"14241","3"
"14205","3"
"16805","3"
"17248","3"
"1525","3"
"14200","3"
"1517","3"
"12120","3"
"1516","3"
"1514","3"
"1512","3"
"1501","3"
"6153","3"
"16812","3"
"16825","3"
"6160","3"
"6161","3"
"1069","3"
"16826","3"
"12156","3"
"1028","3"
"12454","3"
"12894","3"
"6181","3"
"17053","3"
"12606","3"
"1480","3"
"1474","3"
"9172","3"
"1031","3"
"1139","3"
"1472","3"
"1464","3"
"17243","3"
"17065","3"
"906","3"
"6218","3"
"12176","3"
"14192","3"
"6223","3"
"909","3"
"7946","3"
"14191","3"
"910","3"
"17739","3"
"6246","3"
"12183","3"
"12191","3"
"362","3"
"17765","3"
"1455","3"
"7965","3"
"14185","3"
"16854","3"
"1450","3"
"14154","3"
"14149","3"
"14148","3"
"14143","3"
"14140","3"
"1438","3"
"914","3"
"14139","3"
"14128","3"
"6301","3"
"12868","3"
"12602","3"
"7971","3"
"6309","3"
"6310","3"
"1076","3"
"14108","3"
"8734","3"
"7975","3"
"1432","3"
"16883","3"
"17233","3"
"9143","3"
"1422","3"
"90","3"
"1402","3"
"9142","3"
"14100","3"
"1401","3"
"8729","3"
"8725","3"
"6364","3"
"8404","3"
"7991","3"
"1040","3"
"12860","3"
"12486","3"
"14089","3"
"1395","3"
"14083","3"
"1390","3"
"8575","3"
"1389","3"
"351","3"
"1370","3"
"1368","3"
"349","3"
"1357","3"
"14046","3"
"12195","3"
"14043","3"
"6423","3"
"1356","3"
"1350","3"
"6432","3"
"14040","3"
"16938","3"
"10798","3"
"14013","3"
"10802","3"
"14008","3"
"12196","3"
"10804","3"
"13988","3"
"10746","3"
"6467","3"
"6470","3"
"12201","3"
"10860","3"
"10877","3"
"6486","3"
"10719","3"
"8562","3"
"10700","3"
"6497","3"
"12844","3"
"7","3"
"10690","3"
"10916","3"
"9106","3"
"1321","3"
"8026","3"
"10678","3"
"1319","3"
"13955","3"
"1317","3"
"10635","3"
"12205","3"
"10616","3"
"10609","3"
"10596","3"
"13949","3"
"929","3"
"6546","3"
"10965","3"
"10589","3"
"10971","3"
"10582","3"
"10994","3"
"10567","3"
"1308","3"
"8718","3"
"13926","3"
"8411","3"
"13924","3"
"6590","3"
"6592","3"
"13920","3"
"8717","3"
"17964","3"
"11024","3"
"12834","3"
"9082","3"
"17587","3"
"12211","3"
"11041","3"
"17569","3"
"10528","3"
"17059","3"
"939","3"
"6639","3"
"10521","3"
"13913","3"
"17803","3"
"6646","3"
"10516","3"
"6655","3"
"13912","3"
"10506","3"
"11069","3"
"10486","3"
"6674","3"
"11080","3"
"6679","3"
"10463","3"
"10460","3"
"949","3"
"11082","3"
"10453","3"
"8080","3"
"12833","3"
"8092","3"
"10443","3"
"17063","3"
"11093","3"
"11098","3"
"11099","3"
"17091","3"
"13849","3"
"1292","3"
"6737","3"
"6738","3"
"8101","3"
"16985","3"
"83","3"
"13818","3"
"10376","3"
"1130","3"
"11122","3"
"11126","3"
"8999","3"
"10364","3"
"8534","3"
"10362","3"
"6773","3"
"10347","3"
"10344","3"
"11167","3"
"1277","3"
"6792","3"
"6793","3"
"11174","3"
"12629","3"
"11186","3"
"11190","3"
"958","3"
"1276","3"
"11200","3"
"12489","3"
"11213","3"
"294","3"
"11230","3"
"11234","3"
"11247","3"
"11277","3"
"11303","3"
"6835","3"
"10215","3"
"6846","3"
"6847","3"
"12512","3"
"11304","3"
"6863","3"
"6867","3"
"13764","3"
"10195","3"
"12514","3"
"16991","3"
"11320","3"
"10158","3"
"1255","3"
"13729","3"
"11363","3"
"13714","3"
"13713","3"
"8136","3"
"10142","3"
"13697","3"
"10135","3"
"11377","3"
"10126","3"
"6937","3"
"10124","3"
"11379","3"
"8993","3"
"11388","3"
"10087","3"
"10084","3"
"8991","3"
"6970","3"
"10073","3"
"10062","3"
"12256","3"
"16998","3"
"11434","3"
"10043","3"
"6999","3"
"1247","3"
"10020","3"
"12262","3"
"11511","3"
"9962","3"
"17171","3"
"9960","3"
"972","3"
"7027","3"
"7029","3"
"13660","3"
"331","3"
"9942","3"
"12281","3"
"12784","3"
"8945","3"
"8936","3"
"17169","3"
"8930","3"
"7104","3"
"13640","3"
"9940","3"
"9936","3"
"13616","3"
"1239","3"
"13609","3"
"12628","3"
"13607","3"
"9933","3"
"12284","3"
"7147","3"
"13605","3"
"1236","3"
"12287","3"
"9929","3"
"11522","3"
"11537","3"
"13564","3"
"13559","3"
"9912","3"
"269","3"
"11539","3"
"8175","3"
"1126","3"
"11543","3"
"8912","3"
"978","3"
"9898","3"
"13491","3"
"13483","3"
"7200","3"
"11559","3"
"12291","3"
"9888","3"
"11579","3"
"7207","3"
"1230","3"
"11591","3"
"11599","3"
"11624","3"
"981","3"
"7222","3"
"13479","3"
"7225","3"
"7228","3"
"12595","3"
"8190","3"
"9840","3"
"7247","3"
"13434","3"
"8907","3"
"1222","3"
"13412","3"
"13411","3"
"12332","3"
"1123","3"
"8870","3"
"9812","3"
"13377","3"
"11647","3"
"11673","3"
"9793","3"
"12765","3"
"12598","3"
"13360","3"
"8861","3"
"7306","3"
"11677","3"
"9770","3"
"13359","3"
"13358","3"
"7323","3"
"12757","3"
"9766","3"
"8446","3"
"307","3"
"9757","3"
"12738","3"
"3954","3"
"3952","3"
"11680","3"
"15502","3"
"3939","3"
"645","3"
"190","3"
"3980","3"
"3981","3"
"15552","3"
"641","3"
"13324","3"
"8223","3"
"4002","3"
"11683","3"
"17365","3"
"4014","3"
"7355","3"
"4040","3"
"3923","3"
"17364","3"
"49","3"
"12528","3"
"4061","3"
"15569","3"
"15608","3"
"8226","3"
"11689","3"
"3865","3"
"3860","3"
"3850","3"
"637","3"
"15615","3"
"11694","3"
"178","3"
"4093","3"
"4106","3"
"3820","3"
"3805","3"
"15486","3"
"3804","3"
"630","3"
"4120","3"
"3800","3"
"9730","3"
"3798","3"
"3797","3"
"3794","3"
"15631","3"
"3788","3"
"15464","3"
"15461","3"
"15643","3"
"4182","3"
"3781","3"
"15459","3"
"3780","3"
"4189","3"
"1216","3"
"3776","3"
"17390","3"
"176","3"
"15651","3"
"15680","3"
"4197","3"
"4210","3"
"15685","3"
"15433","3"
"3741","3"
"4222","3"
"17347","3"
"9692","3"
"9690","3"
"4241","3"
"8228","3"
"4251","3"
"15704","3"
"4255","3"
"15707","3"
"15725","3"
"15740","3"
"7409","3"
"3723","3"
"4277","3"
"15423","3"
"4279","3"
"614","3"
"4283","3"
"3709","3"
"15416","3"
"3703","3"
"15413","3"
"15403","3"
"15400","3"
"613","3"
"604","3"
"4331","3"
"9685","3"
"4334","3"
"192","3"
"15377","3"
"695","3"
"12736","3"
"3669","3"
"598","3"
"15357","3"
"4362","3"
"7421","3"
"9660","3"
"11766","3"
"4386","3"
"7433","3"
"15811","3"
"4392","3"
"15826","3"
"15322","3"
"3595","3"
"15850","3"
"3591","3"
"11770","3"
"15303","3"
"4410","3"
"3587","3"
"3579","3"
"4416","3"
"15881","3"
"587","3"
"158","3"
"3544","3"
"38","3"
"4428","3"
"3514","3"
"13199","3"
"17022","3"
"12338","3"
"3507","3"
"3491","3"
"3475","3"
"3467","3"
"3466","3"
"3463","3"
"4451","3"
"3458","3"
"15913","3"
"4454","3"
"3438","3"
"15939","3"
"15255","3"
"4463","3"
"4464","3"
"4465","3"
"4466","3"
"3425","3"
"13194","3"
"4469","3"
"9646","3"
"11784","3"
"11790","3"
"15253","3"
"8659","3"
"573","3"
"8544","3"
"15238","3"
"3419","3"
"3418","3"
"4487","3"
"15227","3"
"711","3"
"3416","3"
"4493","3"
"4494","3"
"3402","3"
"9616","3"
"4500","3"
"712","3"
"9614","3"
"7478","3"
"17396","3"
"12613","3"
"3397","3"
"1199","3"
"4510","3"
"3385","3"
"3384","3"
"15164","3"
"15946","3"
"3371","3"
"4518","3"
"565","3"
"148","3"
"4531","3"
"11803","3"
"17317","3"
"7485","3"
"7486","3"
"3347","3"
"4543","3"
"15152","3"
"4545","3"
"4546","3"
"15150","3"
"13146","3"
"4556","3"
"15147","3"
"3345","3"
"17408","3"
"15137","3"
"4575","3"
"4578","3"
"4584","3"
"12355","3"
"12714","3"
"1095","3"
"3342","3"
"3330","3"
"8831","3"
"1096","3"
"556","3"
"17409","3"
"9583","3"
"15951","3"
"4602","3"
"741","3"
"17417","3"
"3281","3"
"15955","3"
"4610","3"
"3264","3"
"3261","3"
"3256","3"
"4622","3"
"3242","3"
"4627","3"
"13123","3"
"7526","3"
"3237","3"
"15080","3"
"9561","3"
"1001","3"
"3235","3"
"11844","3"
"15984","3"
"4655","3"
"15057","3"
"12543","3"
"3221","3"
"4667","3"
"15992","3"
"15053","3"
"4671","3"
"300","3"
"762","3"
"15050","3"
"4689","3"
"16001","3"
"546","3"
"1090","3"
"545","3"
"17423","3"
"7543","3"
"16029","3"
"3158","3"
"8268","3"
"12712","3"
"15030","3"
"17433","3"
"16034","3"
"4732","3"
"13070","3"
"13067","3"
"8273","3"
"9535","3"
"11877","3"
"534","3"
"4746","3"
"3135","3"
"8480","3"
"4752","3"
"3120","3"
"3113","3"
"16088","3"
"768","3"
"3098","3"
"3087","3"
"17848","3"
"4767","3"
"12708","3"
"3059","3"
"3022","3"
"14991","3"
"11889","3"
"769","3"
"3020","3"
"16105","3"
"770","3"
"2995","3"
"2994","3"
"16112","3"
"2975","3"
"11901","3"
"4830","3"
"8280","3"
"14964","3"
"14959","3"
"7584","3"
"16113","3"
"16117","3"
"16118","3"
"4859","3"
"16166","3"
"7585","3"
"7589","3"
"13057","3"
"16168","3"
"16178","3"
"12368","3"
"16179","3"
"8827","3"
"14941","3"
"2875","3"
"211","3"
"16238","3"
"2858","3"
"4880","3"
"4892","3"
"16239","3"
"2845","3"
"8290","3"
"14932","3"
"2825","3"
"17116","3"
"16244","3"
"16246","3"
"17449","3"
"4914","3"
"4918","3"
"8640","3"
"17313","3"
"16265","3"
"16268","3"
"2782","3"
"4937","3"
"9514","3"
"781","3"
"16301","3"
"2766","3"
"14926","3"
"502","3"
"11908","3"
"11920","3"
"14914","3"
"9491","3"
"4981","3"
"7613","3"
"16317","3"
"1010","3"
"16327","3"
"500","3"
"499","3"
"785","3"
"2740","3"
"2737","3"
"2726","3"
"14894","3"
"5019","3"
"11928","3"
"5023","3"
"5024","3"
"5029","3"
"5031","3"
"9479","3"
"2722","3"
"2705","3"
"5041","3"
"3787","2"
"5","2"
"6","2"
"10","2"
"12","2"
"14","2"
"17","2"
"42","2"
"59","2"
"60","2"
"76","2"
"78","2"
"106","2"
"113","2"
"121","2"
"126","2"
"140","2"
"143","2"
"155","2"
"177","2"
"179","2"
"189","2"
"191","2"
"214","2"
"232","2"
"256","2"
"257","2"
"260","2"
"265","2"
"266","2"
"273","2"
"285","2"
"305","2"
"311","2"
"317","2"
"322","2"
"333","2"
"335","2"
"339","2"
"340","2"
"355","2"
"359","2"
"361","2"
"363","2"
"370","2"
"386","2"
"390","2"
"395","2"
"397","2"
"402","2"
"417","2"
"423","2"
"458","2"
"463","2"
"470","2"
"471","2"
"473","2"
"475","2"
"480","2"
"482","2"
"484","2"
"485","2"
"486","2"
"491","2"
"495","2"
"497","2"
"501","2"
"508","2"
"520","2"
"523","2"
"527","2"
"528","2"
"540","2"
"547","2"
"550","2"
"558","2"
"561","2"
"569","2"
"570","2"
"575","2"
"577","2"
"579","2"
"581","2"
"595","2"
"600","2"
"608","2"
"619","2"
"620","2"
"635","2"
"639","2"
"646","2"
"651","2"
"657","2"
"660","2"
"682","2"
"693","2"
"696","2"
"701","2"
"703","2"
"740","2"
"743","2"
"764","2"
"771","2"
"773","2"
"774","2"
"775","2"
"776","2"
"779","2"
"800","2"
"812","2"
"821","2"
"835","2"
"838","2"
"843","2"
"845","2"
"851","2"
"852","2"
"864","2"
"873","2"
"918","2"
"919","2"
"932","2"
"935","2"
"942","2"
"944","2"
"965","2"
"968","2"
"977","2"
"990","2"
"1000","2"
"1003","2"
"1004","2"
"1012","2"
"1015","2"
"1023","2"
"1027","2"
"1037","2"
"1041","2"
"1042","2"
"1044","2"
"1046","2"
"1049","2"
"1053","2"
"1056","2"
"1057","2"
"1067","2"
"1086","2"
"1099","2"
"1108","2"
"1115","2"
"1116","2"
"1117","2"
"1135","2"
"1136","2"
"1157","2"
"1160","2"
"1174","2"
"1176","2"
"1196","2"
"1229","2"
"1240","2"
"1245","2"
"1257","2"
"1271","2"
"1272","2"
"1286","2"
"1288","2"
"1290","2"
"1295","2"
"1300","2"
"1326","2"
"1331","2"
"1363","2"
"1375","2"
"1400","2"
"1404","2"
"1417","2"
"1427","2"
"1435","2"
"1449","2"
"1457","2"
"1459","2"
"1460","2"
"1469","2"
"1486","2"
"1491","2"
"1547","2"
"1555","2"
"1563","2"
"1565","2"
"1569","2"
"1600","2"
"1607","2"
"1618","2"
"1626","2"
"1631","2"
"1647","2"
"1657","2"
"1661","2"
"1666","2"
"1671","2"
"1673","2"
"1682","2"
"1683","2"
"1697","2"
"1705","2"
"1722","2"
"1729","2"
"1748","2"
"1749","2"
"1755","2"
"1757","2"
"1780","2"
"1823","2"
"1834","2"
"1908","2"
"1927","2"
"1981","2"
"1986","2"
"2025","2"
"2029","2"
"2067","2"
"2077","2"
"2083","2"
"2095","2"
"2119","2"
"2141","2"
"2149","2"
"2157","2"
"2162","2"
"2173","2"
"2196","2"
"2211","2"
"2236","2"
"2258","2"
"2263","2"
"2266","2"
"2273","2"
"2281","2"
"2287","2"
"2294","2"
"2308","2"
"2334","2"
"2341","2"
"2343","2"
"2348","2"
"2387","2"
"2418","2"
"2464","2"
"2466","2"
"2473","2"
"2494","2"
"2498","2"
"2514","2"
"2517","2"
"2531","2"
"2537","2"
"2547","2"
"2552","2"
"2556","2"
"2563","2"
"2592","2"
"2630","2"
"2663","2"
"2670","2"
"2674","2"
"2700","2"
"2715","2"
"2732","2"
"2734","2"
"2735","2"
"2746","2"
"2752","2"
"2753","2"
"2761","2"
"2798","2"
"2806","2"
"2808","2"
"2824","2"
"2841","2"
"2846","2"
"2849","2"
"2896","2"
"2930","2"
"3003","2"
"3021","2"
"3060","2"
"3082","2"
"3127","2"
"3142","2"
"3144","2"
"3153","2"
"3167","2"
"3184","2"
"3192","2"
"3197","2"
"3226","2"
"3239","2"
"3259","2"
"3266","2"
"3284","2"
"3307","2"
"3310","2"
"3337","2"
"3344","2"
"3349","2"
"3354","2"
"3356","2"
"3367","2"
"3399","2"
"3413","2"
"3415","2"
"3422","2"
"3444","2"
"3449","2"
"3461","2"
"3493","2"
"3516","2"
"3525","2"
"3551","2"
"3555","2"
"3569","2"
"3571","2"
"3580","2"
"3585","2"
"3619","2"
"3627","2"
"3649","2"
"3658","2"
"3662","2"
"3667","2"
"3681","2"
"3687","2"
"3695","2"
"3697","2"
"3701","2"
"3722","2"
"3724","2"
"3758","2"
"3763","2"
"3771","2"
"3772","2"
"3778","2"
"3779","2"
"3783","2"
"3786","2"
"3801","2"
"3811","2"
"3829","2"
"3830","2"
"3849","2"
"3921","2"
"3924","2"
"3929","2"
"3936","2"
"3944","2"
"3945","2"
"3950","2"
"3951","2"
"3953","2"
"3959","2"
"3968","2"
"3977","2"
"3978","2"
"4008","2"
"4052","2"
"4060","2"
"4067","2"
"4081","2"
"4092","2"
"4118","2"
"4122","2"
"4158","2"
"4183","2"
"4195","2"
"4211","2"
"4219","2"
"4223","2"
"4253","2"
"4270","2"
"4293","2"
"4329","2"
"4336","2"
"4350","2"
"4395","2"
"4406","2"
"4441","2"
"4448","2"
"4468","2"
"4470","2"
"4471","2"
"4480","2"
"4483","2"
"4485","2"
"4486","2"
"4491","2"
"4501","2"
"4506","2"
"4514","2"
"4517","2"
"4528","2"
"4534","2"
"4535","2"
"4541","2"
"4593","2"
"4595","2"
"4600","2"
"4604","2"
"4607","2"
"4608","2"
"4609","2"
"4618","2"
"4625","2"
"4661","2"
"4663","2"
"4681","2"
"4687","2"
"4734","2"
"4740","2"
"4741","2"
"4755","2"
"4761","2"
"4789","2"
"4812","2"
"4817","2"
"4825","2"
"4860","2"
"4862","2"
"4869","2"
"4874","2"
"4922","2"
"4928","2"
"4942","2"
"5007","2"
"5038","2"
"5046","2"
"5061","2"
"5075","2"
"5078","2"
"5079","2"
"5092","2"
"5122","2"
"5134","2"
"5140","2"
"5151","2"
"5254","2"
"5255","2"
"5272","2"
"5290","2"
"5297","2"
"5331","2"
"5340","2"
"5395","2"
"5408","2"
"5419","2"
"5446","2"
"5462","2"
"5486","2"
"5519","2"
"5522","2"
"5539","2"
"5567","2"
"5599","2"
"5602","2"
"5608","2"
"5613","2"
"5636","2"
"5667","2"
"5679","2"
"5721","2"
"5738","2"
"5744","2"
"5746","2"
"5757","2"
"5780","2"
"5781","2"
"5784","2"
"5837","2"
"5840","2"
"5857","2"
"5865","2"
"5878","2"
"5880","2"
"5881","2"
"5908","2"
"5938","2"
"5945","2"
"5956","2"
"5964","2"
"5971","2"
"5982","2"
"5987","2"
"5999","2"
"6011","2"
"6046","2"
"6051","2"
"6064","2"
"6068","2"
"6105","2"
"6106","2"
"6115","2"
"6137","2"
"6149","2"
"6155","2"
"6159","2"
"6163","2"
"6166","2"
"6197","2"
"6198","2"
"6204","2"
"6210","2"
"6213","2"
"6221","2"
"6234","2"
"6241","2"
"6252","2"
"6273","2"
"6297","2"
"6342","2"
"6408","2"
"6429","2"
"6505","2"
"6511","2"
"6516","2"
"6519","2"
"6531","2"
"6545","2"
"6570","2"
"6599","2"
"6601","2"
"6605","2"
"6606","2"
"6609","2"
"6610","2"
"6630","2"
"6635","2"
"6645","2"
"6652","2"
"6664","2"
"6685","2"
"6688","2"
"6696","2"
"6724","2"
"6741","2"
"6754","2"
"6769","2"
"6809","2"
"6810","2"
"6820","2"
"6843","2"
"6856","2"
"6878","2"
"6881","2"
"6988","2"
"6991","2"
"6994","2"
"7012","2"
"7018","2"
"7088","2"
"7096","2"
"7158","2"
"7177","2"
"7192","2"
"7201","2"
"7213","2"
"7220","2"
"7234","2"
"7270","2"
"7290","2"
"7294","2"
"7339","2"
"7341","2"
"7367","2"
"7382","2"
"7452","2"
"7475","2"
"7481","2"
"7501","2"
"7528","2"
"7530","2"
"7559","2"
"7568","2"
"7574","2"
"7599","2"
"7601","2"
"7625","2"
"7670","2"
"7674","2"
"7715","2"
"7742","2"
"7763","2"
"7767","2"
"7768","2"
"7779","2"
"7786","2"
"7859","2"
"7870","2"
"7878","2"
"7905","2"
"7906","2"
"7922","2"
"7930","2"
"7937","2"
"7969","2"
"7985","2"
"7986","2"
"7987","2"
"7988","2"
"7993","2"
"7998","2"
"8061","2"
"8066","2"
"8071","2"
"8096","2"
"8129","2"
"8140","2"
"8146","2"
"8148","2"
"8154","2"
"8182","2"
"8184","2"
"8195","2"
"8257","2"
"8261","2"
"8266","2"
"8274","2"
"8298","2"
"8315","2"
"8331","2"
"8355","2"
"8385","2"
"8388","2"
"8391","2"
"8394","2"
"8408","2"
"8412","2"
"8414","2"
"8419","2"
"8427","2"
"8428","2"
"8473","2"
"8475","2"
"8482","2"
"8486","2"
"8529","2"
"8538","2"
"8546","2"
"8547","2"
"8553","2"
"8598","2"
"8599","2"
"8600","2"
"8605","2"
"8616","2"
"8660","2"
"8672","2"
"8694","2"
"8699","2"
"8735","2"
"8755","2"
"8799","2"
"8829","2"
"8841","2"
"8846","2"
"8862","2"
"8874","2"
"8919","2"
"8921","2"
"8929","2"
"9037","2"
"9044","2"
"9051","2"
"9055","2"
"9100","2"
"9120","2"
"9165","2"
"9185","2"
"9196","2"
"9220","2"
"9245","2"
"9247","2"
"9251","2"
"9306","2"
"9313","2"
"9322","2"
"9326","2"
"9369","2"
"9389","2"
"9405","2"
"9416","2"
"9446","2"
"9449","2"
"9455","2"
"9474","2"
"9475","2"
"9484","2"
"9486","2"
"9517","2"
"9523","2"
"9530","2"
"9540","2"
"9587","2"
"9590","2"
"9596","2"
"9598","2"
"9613","2"
"9633","2"
"9635","2"
"9636","2"
"9648","2"
"9653","2"
"9670","2"
"9691","2"
"9694","2"
"9708","2"
"9787","2"
"9815","2"
"9820","2"
"9827","2"
"9833","2"
"9846","2"
"9867","2"
"9870","2"
"9873","2"
"9877","2"
"9884","2"
"9892","2"
"9893","2"
"9931","2"
"9934","2"
"9955","2"
"9989","2"
"9995","2"
"9997","2"
"10022","2"
"10023","2"
"10026","2"
"10048","2"
"10058","2"
"10136","2"
"10152","2"
"10153","2"
"10156","2"
"10174","2"
"10179","2"
"10185","2"
"10186","2"
"10190","2"
"10197","2"
"10210","2"
"10227","2"
"10240","2"
"10288","2"
"10292","2"
"10323","2"
"10324","2"
"10363","2"
"10377","2"
"10381","2"
"10384","2"
"10386","2"
"10389","2"
"10392","2"
"10399","2"
"10400","2"
"10406","2"
"10408","2"
"10511","2"
"10531","2"
"10543","2"
"10548","2"
"10560","2"
"10588","2"
"10593","2"
"10611","2"
"10623","2"
"10665","2"
"10671","2"
"10683","2"
"10740","2"
"10747","2"
"10762","2"
"10763","2"
"10801","2"
"10818","2"
"10836","2"
"10840","2"
"10875","2"
"10878","2"
"10882","2"
"10890","2"
"10929","2"
"10930","2"
"10936","2"
"10944","2"
"10997","2"
"11023","2"
"11026","2"
"11030","2"
"11042","2"
"11043","2"
"11078","2"
"11094","2"
"11119","2"
"11177","2"
"11183","2"
"11188","2"
"11203","2"
"11225","2"
"11235","2"
"11259","2"
"11260","2"
"11301","2"
"11336","2"
"11339","2"
"11349","2"
"11352","2"
"11358","2"
"11360","2"
"11364","2"
"11382","2"
"11383","2"
"11392","2"
"11397","2"
"11398","2"
"11469","2"
"11470","2"
"11480","2"
"11483","2"
"11492","2"
"11501","2"
"11508","2"
"11541","2"
"11542","2"
"11577","2"
"11578","2"
"11587","2"
"11592","2"
"11610","2"
"11648","2"
"11662","2"
"11672","2"
"11674","2"
"11676","2"
"11682","2"
"11693","2"
"11696","2"
"11699","2"
"11700","2"
"11702","2"
"11710","2"
"11711","2"
"11722","2"
"11745","2"
"11749","2"
"11759","2"
"11853","2"
"11856","2"
"11863","2"
"11887","2"
"11891","2"
"11893","2"
"11904","2"
"11907","2"
"11944","2"
"11960","2"
"11992","2"
"12023","2"
"12027","2"
"12038","2"
"12043","2"
"12109","2"
"12115","2"
"12150","2"
"12169","2"
"12170","2"
"12178","2"
"12190","2"
"12216","2"
"12220","2"
"12221","2"
"12230","2"
"12236","2"
"12243","2"
"12277","2"
"12278","2"
"12290","2"
"12327","2"
"12352","2"
"12354","2"
"12406","2"
"12427","2"
"12478","2"
"12485","2"
"12537","2"
"12541","2"
"12556","2"
"12583","2"
"12589","2"
"12593","2"
"12604","2"
"12616","2"
"12639","2"
"12641","2"
"12665","2"
"12666","2"
"12667","2"
"12717","2"
"12719","2"
"12721","2"
"12723","2"
"12735","2"
"12763","2"
"12768","2"
"12783","2"
"12815","2"
"12826","2"
"12880","2"
"12881","2"
"12883","2"
"12947","2"
"12958","2"
"12985","2"
"12993","2"
"13000","2"
"13010","2"
"13040","2"
"13061","2"
"13068","2"
"13078","2"
"13100","2"
"13122","2"
"13191","2"
"13235","2"
"13251","2"
"13341","2"
"13345","2"
"13381","2"
"13427","2"
"13441","2"
"13442","2"
"13457","2"
"13473","2"
"13490","2"
"13528","2"
"13539","2"
"13560","2"
"13574","2"
"13583","2"
"13604","2"
"13629","2"
"13638","2"
"13664","2"
"13679","2"
"13685","2"
"13688","2"
"13693","2"
"13698","2"
"13722","2"
"13760","2"
"13806","2"
"13833","2"
"13851","2"
"13859","2"
"13866","2"
"13870","2"
"13878","2"
"13887","2"
"13904","2"
"13914","2"
"13923","2"
"13936","2"
"13950","2"
"13961","2"
"13985","2"
"13990","2"
"14047","2"
"14071","2"
"14074","2"
"14076","2"
"14086","2"
"14093","2"
"14099","2"
"14113","2"
"14127","2"
"14142","2"
"14155","2"
"14175","2"
"14178","2"
"14179","2"
"14180","2"
"14183","2"
"14195","2"
"14211","2"
"14247","2"
"14249","2"
"14269","2"
"14274","2"
"14285","2"
"14324","2"
"14325","2"
"14326","2"
"14357","2"
"14362","2"
"14386","2"
"14400","2"
"14416","2"
"14425","2"
"14431","2"
"14432","2"
"14452","2"
"14453","2"
"14511","2"
"14521","2"
"14536","2"
"14562","2"
"14587","2"
"14601","2"
"14613","2"
"14617","2"
"14623","2"
"14627","2"
"14632","2"
"14648","2"
"14652","2"
"14664","2"
"14688","2"
"14690","2"
"14697","2"
"14699","2"
"14715","2"
"14733","2"
"14740","2"
"14772","2"
"14773","2"
"14784","2"
"14821","2"
"14836","2"
"14859","2"
"14870","2"
"14872","2"
"14873","2"
"14878","2"
"14882","2"
"14920","2"
"14925","2"
"14972","2"
"14989","2"
"15002","2"
"15005","2"
"15023","2"
"15052","2"
"15058","2"
"15103","2"
"15115","2"
"15121","2"
"15122","2"
"15124","2"
"15126","2"
"15136","2"
"15162","2"
"15208","2"
"15220","2"
"15235","2"
"15246","2"
"15250","2"
"15271","2"
"15273","2"
"15282","2"
"15299","2"
"15323","2"
"15344","2"
"15353","2"
"15363","2"
"15367","2"
"15376","2"
"15392","2"
"15402","2"
"15407","2"
"15411","2"
"15422","2"
"15424","2"
"15429","2"
"15430","2"
"15434","2"
"15436","2"
"15440","2"
"15447","2"
"15454","2"
"15460","2"
"15474","2"
"15513","2"
"15518","2"
"15530","2"
"15532","2"
"15533","2"
"15574","2"
"15597","2"
"15642","2"
"15644","2"
"15653","2"
"15665","2"
"15668","2"
"15690","2"
"15703","2"
"15706","2"
"15730","2"
"15731","2"
"15767","2"
"15777","2"
"15788","2"
"15803","2"
"15828","2"
"15842","2"
"15848","2"
"15855","2"
"15859","2"
"15878","2"
"15901","2"
"15932","2"
"15937","2"
"15952","2"
"15954","2"
"15980","2"
"15991","2"
"15994","2"
"16002","2"
"16004","2"
"16005","2"
"16006","2"
"16010","2"
"16066","2"
"16077","2"
"16141","2"
"16147","2"
"16149","2"
"16162","2"
"16164","2"
"16207","2"
"16235","2"
"16255","2"
"16269","2"
"16271","2"
"16272","2"
"16286","2"
"16297","2"
"16319","2"
"16376","2"
"16400","2"
"16405","2"
"16407","2"
"16411","2"
"16424","2"
"16429","2"
"16487","2"
"16488","2"
"16494","2"
"16505","2"
"16508","2"
"16535","2"
"16537","2"
"16538","2"
"16550","2"
"16554","2"
"16565","2"
"16567","2"
"16582","2"
"16609","2"
"16621","2"
"16626","2"
"16629","2"
"16635","2"
"16653","2"
"16667","2"
"16669","2"
"16689","2"
"16691","2"
"16698","2"
"16708","2"
"16711","2"
"16722","2"
"16723","2"
"16733","2"
"16738","2"
"16749","2"
"16753","2"
"16757","2"
"16763","2"
"16764","2"
"16770","2"
"16781","2"
"16786","2"
"16793","2"
"16809","2"
"16814","2"
"16819","2"
"16821","2"
"16823","2"
"16824","2"
"16829","2"
"16835","2"
"16839","2"
"16867","2"
"16870","2"
"16913","2"
"16922","2"
"16925","2"
"16942","2"
"16947","2"
"16957","2"
"16960","2"
"16962","2"
"16965","2"
"16973","2"
"17005","2"
"17010","2"
"17024","2"
"17034","2"
"17035","2"
"17040","2"
"17047","2"
"17073","2"
"17075","2"
"17122","2"
"17126","2"
"17137","2"
"17138","2"
"17151","2"
"17157","2"
"17165","2"
"17170","2"
"17187","2"
"17191","2"
"17210","2"
"17240","2"
"17261","2"
"17264","2"
"17266","2"
"17274","2"
"17275","2"
"17277","2"
"17278","2"
"17290","2"
"17292","2"
"17303","2"
"17312","2"
"17314","2"
"17315","2"
"17318","2"
"17337","2"
"17362","2"
"17366","2"
"17372","2"
"17373","2"
"17378","2"
"17392","2"
"17397","2"
"17398","2"
"17405","2"
"17407","2"
"17411","2"
"17414","2"
"17420","2"
"17421","2"
"17445","2"
"17448","2"
"17453","2"
"17460","2"
"17461","2"
"17466","2"
"17488","2"
"17525","2"
"17528","2"
"17537","2"
"17564","2"
"17579","2"
"17593","2"
"17596","2"
"17600","2"
"17617","2"
"17636","2"
"17637","2"
"17638","2"
"17667","2"
"17676","2"
"17688","2"
"17693","2"
"17718","2"
"17732","2"
"17738","2"
"17742","2"
"17749","2"
"17757","2"
"17796","2"
"17797","2"
"17798","2"
"17813","2"
"17821","2"
"17822","2"
"17824","2"
"17829","2"
"17833","2"
"17854","2"
"17861","2"
"17879","2"
"17882","2"
"17905","2"
"17931","2"
"17969","2"
"17970","2"
"18019","2"
"18020","2"
"18140","2"
"1254","1"
"9030","1"
"9025","1"
"9005","1"
"12249","1"
"9003","1"
"12255","1"
"8988","1"
"8985","1"
"12269","1"
"12274","1"
"8984","1"
"8973","1"
"1252","1"
"16996","1"
"8948","1"
"8937","1"
"8926","1"
"8920","1"
"8913","1"
"12289","1"
"1251","1"
"8910","1"
"8909","1"
"8908","1"
"12305","1"
"8905","1"
"8903","1"
"8897","1"
"12318","1"
"8892","1"
"8890","1"
"16999","1"
"12329","1"
"8888","1"
"8859","1"
"12344","1"
"12346","1"
"12347","1"
"12348","1"
"8847","1"
"1242","1"
"12353","1"
"17713","1"
"8838","1"
"12359","1"
"12367","1"
"8828","1"
"8823","1"
"8810","1"
"12376","1"
"12378","1"
"8809","1"
"12392","1"
"8794","1"
"12394","1"
"12405","1"
"1241","1"
"8787","1"
"12418","1"
"8784","1"
"8775","1"
"12426","1"
"17714","1"
"12437","1"
"12438","1"
"8764","1"
"8762","1"
"8748","1"
"8744","1"
"12459","1"
"8730","1"
"12468","1"
"12470","1"
"12476","1"
"8724","1"
"1232","1"
"1231","1"
"8722","1"
"12488","1"
"8697","1"
"12493","1"
"8696","1"
"12506","1"
"12508","1"
"8685","1"
"8673","1"
"8671","1"
"12523","1"
"12527","1"
"8664","1"
"12531","1"
"12533","1"
"17016","1"
"1219","1"
"8657","1"
"8655","1"
"8649","1"
"8643","1"
"1208","1"
"8642","1"
"8631","1"
"8622","1"
"8619","1"
"12572","1"
"8597","1"
"12576","1"
"12578","1"
"12580","1"
"17911","1"
"8586","1"
"17027","1"
"8578","1"
"1173","1"
"8556","1"
"12597","1"
"8555","1"
"8542","1"
"8520","1"
"1170","1"
"8519","1"
"8481","1"
"8471","1"
"8460","1"
"17719","1"
"12617","1"
"12618","1"
"8458","1"
"8451","1"
"8445","1"
"8442","1"
"8430","1"
"8416","1"
"8405","1"
"8397","1"
"8393","1"
"8389","1"
"8378","1"
"101","1"
"8376","1"
"17730","1"
"12649","1"
"8367","1"
"12652","1"
"12654","1"
"12657","1"
"8361","1"
"8356","1"
"8346","1"
"8341","1"
"1169","1"
"17042","1"
"1159","1"
"8329","1"
"8314","1"
"12692","1"
"12693","1"
"8313","1"
"8301","1"
"8299","1"
"12707","1"
"8275","1"
"12711","1"
"8272","1"
"8253","1"
"17046","1"
"17913","1"
"1154","1"
"1149","1"
"8243","1"
"8236","1"
"12729","1"
"1141","1"
"8234","1"
"12737","1"
"8222","1"
"12742","1"
"12743","1"
"12745","1"
"12751","1"
"8215","1"
"12753","1"
"8212","1"
"8203","1"
"17057","1"
"8202","1"
"8151","1"
"1140","1"
"12771","1"
"12776","1"
"8150","1"
"1134","1"
"8149","1"
"8137","1"
"12793","1"
"8134","1"
"12800","1"
"12801","1"
"12808","1"
"17060","1"
"8132","1"
"12822","1"
"12825","1"
"1133","1"
"8124","1"
"8112","1"
"8102","1"
"8094","1"
"8083","1"
"8058","1"
"12835","1"
"8043","1"
"8038","1"
"8022","1"
"8019","1"
"8007","1"
"8005","1"
"12852","1"
"12854","1"
"7994","1"
"7966","1"
"7964","1"
"12873","1"
"7934","1"
"1120","1"
"1114","1"
"1106","1"
"7920","1"
"7913","1"
"7909","1"
"12895","1"
"12896","1"
"7891","1"
"7890","1"
"7886","1"
"7872","1"
"12914","1"
"12916","1"
"7871","1"
"12918","1"
"12922","1"
"12925","1"
"12929","1"
"7834","1"
"7830","1"
"12938","1"
"7812","1"
"12945","1"
"1103","1"
"7811","1"
"7810","1"
"1092","1"
"7809","1"
"7803","1"
"7797","1"
"12972","1"
"7792","1"
"12976","1"
"7787","1"
"7781","1"
"12983","1"
"1081","1"
"12992","1"
"1079","1"
"7760","1"
"7750","1"
"12996","1"
"7745","1"
"12998","1"
"12999","1"
"17735","1"
"7744","1"
"7741","1"
"7740","1"
"13008","1"
"7735","1"
"17914","1"
"7719","1"
"7711","1"
"7709","1"
"7676","1"
"7675","1"
"1052","1"
"7639","1"
"7631","1"
"13047","1"
"7630","1"
"13050","1"
"13051","1"
"13052","1"
"7602","1"
"7596","1"
"7583","1"
"13059","1"
"13060","1"
"17080","1"
"7572","1"
"7562","1"
"7552","1"
"17082","1"
"7551","1"
"7550","1"
"13072","1"
"7546","1"
"17084","1"
"13088","1"
"13089","1"
"7540","1"
"13093","1"
"13096","1"
"1047","1"
"13112","1"
"13117","1"
"13120","1"
"17087","1"
"7525","1"
"13125","1"
"13129","1"
"7510","1"
"7503","1"
"13145","1"
"7498","1"
"7482","1"
"13152","1"
"13158","1"
"13160","1"
"13187","1"
"7479","1"
"17088","1"
"7473","1"
"13193","1"
"7442","1"
"7440","1"
"7438","1"
"13205","1"
"13207","1"
"13217","1"
"1045","1"
"13237","1"
"7437","1"
"7423","1"
"17093","1"
"13254","1"
"13260","1"
"13266","1"
"13267","1"
"7401","1"
"13273","1"
"13304","1"
"7375","1"
"13317","1"
"13319","1"
"7374","1"
"7350","1"
"7343","1"
"17094","1"
"7330","1"
"1043","1"
"7327","1"
"7325","1"
"13350","1"
"13356","1"
"7317","1"
"7315","1"
"7293","1"
"13362","1"
"7291","1"
"7283","1"
"7278","1"
"7276","1"
"17097","1"
"7273","1"
"13391","1"
"7268","1"
"7263","1"
"7257","1"
"13416","1"
"13423","1"
"7252","1"
"13426","1"
"17099","1"
"13430","1"
"13433","1"
"7251","1"
"7241","1"
"13437","1"
"13440","1"
"1038","1"
"1025","1"
"13443","1"
"13448","1"
"7236","1"
"1022","1"
"13470","1"
"13471","1"
"13472","1"
"1020","1"
"7224","1"
"7217","1"
"7197","1"
"1018","1"
"7195","1"
"13492","1"
"13501","1"
"7194","1"
"13515","1"
"13523","1"
"17105","1"
"1017","1"
"13541","1"
"7188","1"
"7182","1"
"13546","1"
"13547","1"
"7174","1"
"7169","1"
"1013","1"
"13562","1"
"7167","1"
"7157","1"
"13569","1"
"13570","1"
"17109","1"
"17112","1"
"13585","1"
"7154","1"
"13587","1"
"7153","1"
"7150","1"
"13598","1"
"17113","1"
"7149","1"
"7132","1"
"7129","1"
"7126","1"
"7125","1"
"13612","1"
"13613","1"
"13615","1"
"7120","1"
"13617","1"
"7112","1"
"1011","1"
"13630","1"
"13635","1"
"13636","1"
"1009","1"
"7108","1"
"7086","1"
"7079","1"
"7072","1"
"13648","1"
"7032","1"
"17117","1"
"13667","1"
"7013","1"
"13672","1"
"6995","1"
"13676","1"
"13677","1"
"1002","1"
"13680","1"
"13681","1"
"6963","1"
"6951","1"
"17119","1"
"13686","1"
"95","1"
"6926","1"
"17124","1"
"13694","1"
"6915","1"
"6912","1"
"998","1"
"6911","1"
"6907","1"
"6903","1"
"17740","1"
"13723","1"
"13724","1"
"13726","1"
"13727","1"
"6890","1"
"6886","1"
"6879","1"
"6874","1"
"13759","1"
"17127","1"
"13762","1"
"6869","1"
"6832","1"
"6828","1"
"6818","1"
"6816","1"
"13782","1"
"6805","1"
"13791","1"
"13792","1"
"13793","1"
"13795","1"
"6804","1"
"6781","1"
"17129","1"
"6774","1"
"6771","1"
"6760","1"
"13812","1"
"13816","1"
"6747","1"
"13820","1"
"13825","1"
"13830","1"
"6745","1"
"13832","1"
"996","1"
"13838","1"
"13839","1"
"6725","1"
"17915","1"
"17743","1"
"6708","1"
"17139","1"
"13867","1"
"17140","1"
"17142","1"
"17144","1"
"6698","1"
"13889","1"
"13892","1"
"13893","1"
"6693","1"
"17145","1"
"6692","1"
"6678","1"
"6672","1"
"6656","1"
"6641","1"
"995","1"
"13915","1"
"13918","1"
"6596","1"
"17744","1"
"6588","1"
"6584","1"
"6558","1"
"13930","1"
"13931","1"
"13935","1"
"17745","1"
"13944","1"
"6552","1"
"6544","1"
"17159","1"
"6535","1"
"6528","1"
"6527","1"
"993","1"
"6510","1"
"13971","1"
"6508","1"
"13975","1"
"13976","1"
"13977","1"
"13978","1"
"6501","1"
"6495","1"
"6466","1"
"984","1"
"6452","1"
"983","1"
"6451","1"
"6449","1"
"14005","1"
"6448","1"
"14010","1"
"14012","1"
"6442","1"
"14016","1"
"14017","1"
"14019","1"
"6441","1"
"6433","1"
"6422","1"
"6419","1"
"17746","1"
"6413","1"
"14055","1"
"6409","1"
"6401","1"
"982","1"
"6396","1"
"979","1"
"6395","1"
"975","1"
"6394","1"
"27","1"
"6390","1"
"14088","1"
"6388","1"
"6385","1"
"14091","1"
"971","1"
"6375","1"
"6361","1"
"966","1"
"6359","1"
"6356","1"
"6344","1"
"14104","1"
"6315","1"
"6306","1"
"17182","1"
"14117","1"
"6304","1"
"14122","1"
"17186","1"
"6300","1"
"14131","1"
"14133","1"
"6299","1"
"6289","1"
"17750","1"
"6285","1"
"6282","1"
"6279","1"
"14150","1"
"6278","1"
"964","1"
"14156","1"
"14160","1"
"17752","1"
"6269","1"
"17198","1"
"962","1"
"17201","1"
"14182","1"
"951","1"
"14184","1"
"6268","1"
"6261","1"
"6244","1"
"14190","1"
"6240","1"
"6222","1"
"6208","1"
"6205","1"
"17206","1"
"14196","1"
"14197","1"
"6170","1"
"6145","1"
"6142","1"
"6140","1"
"14202","1"
"14203","1"
"6129","1"
"14209","1"
"946","1"
"14212","1"
"14214","1"
"14226","1"
"14232","1"
"6126","1"
"6104","1"
"14243","1"
"6099","1"
"17756","1"
"17211","1"
"6098","1"
"6092","1"
"6087","1"
"6071","1"
"6069","1"
"6061","1"
"6060","1"
"6059","1"
"14264","1"
"14266","1"
"931","1"
"6000","1"
"927","1"
"5997","1"
"5996","1"
"5981","1"
"5977","1"
"5965","1"
"5942","1"
"17225","1"
"5940","1"
"14287","1"
"14288","1"
"5934","1"
"5895","1"
"5893","1"
"5885","1"
"14310","1"
"14314","1"
"5884","1"
"17227","1"
"17228","1"
"17229","1"
"14328","1"
"5882","1"
"14341","1"
"5869","1"
"5862","1"
"14349","1"
"5856","1"
"5852","1"
"14356","1"
"915","1"
"5847","1"
"22","1"
"14363","1"
"14367","1"
"14368","1"
"5845","1"
"5843","1"
"14374","1"
"14376","1"
"5823","1"
"14384","1"
"901","1"
"5822","1"
"5811","1"
"14395","1"
"14397","1"
"17244","1"
"5799","1"
"5787","1"
"14404","1"
"5778","1"
"14406","1"
"5777","1"
"14409","1"
"5769","1"
"5750","1"
"5743","1"
"900","1"
"5741","1"
"887","1"
"14427","1"
"5739","1"
"882","1"
"880","1"
"14435","1"
"14438","1"
"5731","1"
"5729","1"
"14451","1"
"875","1"
"17255","1"
"5715","1"
"14459","1"
"5692","1"
"5651","1"
"14478","1"
"5632","1"
"5629","1"
"5618","1"
"5583","1"
"14487","1"
"14489","1"
"5581","1"
"5574","1"
"14500","1"
"5538","1"
"5527","1"
"14508","1"
"5524","1"
"17256","1"
"5518","1"
"14515","1"
"14517","1"
"14518","1"
"5504","1"
"17257","1"
"5484","1"
"17260","1"
"5464","1"
"14542","1"
"14547","1"
"14548","1"
"14552","1"
"14556","1"
"14557","1"
"5429","1"
"17762","1"
"5424","1"
"5420","1"
"5403","1"
"14575","1"
"5396","1"
"14581","1"
"14586","1"
"869","1"
"5388","1"
"14590","1"
"5384","1"
"5382","1"
"14598","1"
"14599","1"
"93","1"
"14603","1"
"14609","1"
"861","1"
"5378","1"
"92","1"
"5366","1"
"14619","1"
"5352","1"
"17769","1"
"5351","1"
"5344","1"
"17772","1"
"858","1"
"5329","1"
"5324","1"
"14639","1"
"14640","1"
"77","1"
"5299","1"
"5294","1"
"17776","1"
"854","1"
"5287","1"
"14666","1"
"14669","1"
"5282","1"
"5261","1"
"14685","1"
"5250","1"
"17283","1"
"5230","1"
"832","1"
"14692","1"
"5229","1"
"17777","1"
"827","1"
"14701","1"
"5211","1"
"5207","1"
"14705","1"
"14710","1"
"5206","1"
"17778","1"
"14716","1"
"14718","1"
"820","1"
"5205","1"
"817","1"
"14744","1"
"5196","1"
"14751","1"
"14753","1"
"14754","1"
"5185","1"
"14757","1"
"14764","1"
"5167","1"
"17302","1"
"17780","1"
"14776","1"
"14779","1"
"5164","1"
"809","1"
"5158","1"
"14788","1"
"5152","1"
"5132","1"
"5131","1"
"5125","1"
"5124","1"
"5121","1"
"14806","1"
"14807","1"
"5120","1"
"14819","1"
"17307","1"
"14822","1"
"5112","1"
"14824","1"
"5111","1"
"14826","1"
"5109","1"
"5093","1"
"5080","1"
"14833","1"
"14834","1"
"790","1"
"5077","1"
"14843","1"
"14847","1"
"17787","1"
"14865","1"
"5062","1"
"5053","1"
"777","1"
"17790","1"
"75","1"
"735","1"
"14879","1"
"732","1"
"5020","1"
"14891","1"
"14892","1"
"5015","1"
"5008","1"
"14901","1"
"4985","1"
"14903","1"
"14905","1"
"14907","1"
"14908","1"
"4977","1"
"72","1"
"4976","1"
"4958","1"
"17323","1"
"4954","1"
"4944","1"
"4935","1"
"4933","1"
"4919","1"
"4912","1"
"4900","1"
"4875","1"
"4873","1"
"4872","1"
"14942","1"
"14946","1"
"4870","1"
"4858","1"
"4854","1"
"4852","1"
"4845","1"
"14961","1"
"4842","1"
"14969","1"
"14970","1"
"721","1"
"14975","1"
"14976","1"
"4841","1"
"14978","1"
"4821","1"
"14984","1"
"708","1"
"4804","1"
"4781","1"
"14995","1"
"4772","1"
"4771","1"
"4758","1"
"707","1"
"17331","1"
"4751","1"
"15015","1"
"4736","1"
"4735","1"
"71","1"
"4729","1"
"15026","1"
"4725","1"
"4712","1"
"15032","1"
"4710","1"
"4700","1"
"4691","1"
"4690","1"
"15049","1"
"4688","1"
"15051","1"
"689","1"
"4670","1"
"15054","1"
"15056","1"
"4660","1"
"686","1"
"4650","1"
"15064","1"
"15065","1"
"15067","1"
"4649","1"
"4647","1"
"4646","1"
"15076","1"
"15077","1"
"4644","1"
"4629","1"
"4628","1"
"15087","1"
"15088","1"
"684","1"
"4614","1"
"4612","1"
"680","1"
"4601","1"
"15120","1"
"678","1"
"672","1"
"15123","1"
"669","1"
"15125","1"
"17358","1"
"4592","1"
"15131","1"
"15132","1"
"4589","1"
"17359","1"
"4574","1"
"4569","1"
"15140","1"
"4566","1"
"15142","1"
"15143","1"
"15146","1"
"4557","1"
"4551","1"
"4547","1"
"4544","1"
"15153","1"
"4542","1"
"4540","1"
"4526","1"
"667","1"
"4515","1"
"4513","1"
"4508","1"
"4507","1"
"4504","1"
"15172","1"
"15173","1"
"15178","1"
"15179","1"
"4503","1"
"15186","1"
"4502","1"
"15191","1"
"15198","1"
"15199","1"
"15201","1"
"4495","1"
"666","1"
"15209","1"
"4492","1"
"17795","1"
"4490","1"
"15228","1"
"15230","1"
"15232","1"
"15233","1"
"665","1"
"15236","1"
"4484","1"
"15240","1"
"662","1"
"4","1"
"15251","1"
"4481","1"
"4477","1"
"4461","1"
"15256","1"
"4457","1"
"4455","1"
"15262","1"
"631","1"
"15272","1"
"622","1"
"15274","1"
"18157","1"
"4453","1"
"4431","1"
"15294","1"
"4429","1"
"4413","1"
"17932","1"
"15300","1"
"4409","1"
"15306","1"
"4403","1"
"4402","1"
"15320","1"
"4400","1"
"17374","1"
"4385","1"
"15329","1"
"15331","1"
"15343","1"
"17377","1"
"15345","1"
"15348","1"
"15349","1"
"64","1"
"4358","1"
"15358","1"
"15361","1"
"4351","1"
"17379","1"
"17382","1"
"15369","1"
"15370","1"
"15372","1"
"621","1"
"4348","1"
"15381","1"
"15382","1"
"15390","1"
"17808","1"
"15394","1"
"4333","1"
"4326","1"
"15398","1"
"4316","1"
"617","1"
"4315","1"
"599","1"
"15408","1"
"594","1"
"15412","1"
"4312","1"
"4297","1"
"4281","1"
"567","1"
"4278","1"
"17942","1"
"4247","1"
"4226","1"
"17816","1"
"17401","1"
"15431","1"
"4216","1"
"17403","1"
"15435","1"
"17963","1"
"4192","1"
"2","1"
"15443","1"
"4190","1"
"560","1"
"554","1"
"15455","1"
"4185","1"
"17967","1"
"4164","1"
"4163","1"
"4160","1"
"4138","1"
"15473","1"
"18042","1"
"4121","1"
"15477","1"
"15480","1"
"4112","1"
"15487","1"
"4089","1"
"4079","1"
"4057","1"
"15498","1"
"3967","1"
"3946","1"
"15503","1"
"553","1"
"15515","1"
"17830","1"
"15522","1"
"15525","1"
"3938","1"
"56","1"
"541","1"
"17424","1"
"15536","1"
"15540","1"
"15541","1"
"3933","1"
"3927","1"
"15554","1"
"3912","1"
"3901","1"
"3900","1"
"3892","1"
"15570","1"
"536","1"
"15575","1"
"15579","1"
"15581","1"
"3886","1"
"15584","1"
"15593","1"
"15596","1"
"535","1"
"3879","1"
"3867","1"
"3842","1"
"3833","1"
"15618","1"
"15622","1"
"3816","1"
"15627","1"
"3793","1"
"3791","1"
"532","1"
"1","1"
"522","1"
"3785","1"
"3760","1"
"3759","1"
"3757","1"
"513","1"
"15656","1"
"15661","1"
"17439","1"
"18103","1"
"3753","1"
"3748","1"
"15689","1"
"17446","1"
"3746","1"
"15693","1"
"15696","1"
"3743","1"
"17447","1"
"3739","1"
"15705","1"
"54","1"
"3738","1"
"15708","1"
"3735","1"
"15715","1"
"15718","1"
"15721","1"
"3731","1"
"505","1"
"17839","1"
"15737","1"
"3728","1"
"3707","1"
"3694","1"
"3689","1"
"15746","1"
"15747","1"
"15750","1"
"3679","1"
"15754","1"
"15757","1"
"15758","1"
"3672","1"
"15765","1"
"17454","1"
"3671","1"
"3668","1"
"17456","1"
"3665","1"
"17458","1"
"3661","1"
"15795","1"
"3650","1"
"15797","1"
"15799","1"
"3637","1"
"15802","1"
"17845","1"
"15805","1"
"3625","1"
"3615","1"
"37","1"
"15829","1"
"15836","1"
"496","1"
"3600","1"
"3599","1"
"3598","1"
"492","1"
"3593","1"
"15853","1"
"444","1"
"17850","1"
"15861","1"
"15866","1"
"15867","1"
"15868","1"
"3590","1"
"15875","1"
"17467","1"
"15879","1"
"3574","1"
"3557","1"
"3501","1"
"3482","1"
"17472","1"
"3472","1"
"3462","1"
"15912","1"
"3445","1"
"15917","1"
"15918","1"
"15920","1"
"15927","1"
"3440","1"
"15930","1"
"439","1"
"15933","1"
"17474","1"
"3426","1"
"3405","1"
"3403","1"
"3401","1"
"3392","1"
"3378","1"
"3369","1"
"3346","1"
"3323","1"
"3293","1"
"434","1"
"17476","1"
"3277","1"
"15956","1"
"15958","1"
"15959","1"
"15969","1"
"3249","1"
"3248","1"
"17481","1"
"3234","1"
"3231","1"
"3227","1"
"15987","1"
"3215","1"
"15990","1"
"17483","1"
"3214","1"
"17851","1"
"3211","1"
"17489","1"
"3187","1"
"17501","1"
"433","1"
"427","1"
"421","1"
"16015","1"
"16019","1"
"3172","1"
"16025","1"
"16026","1"
"3163","1"
"3154","1"
"3151","1"
"16043","1"
"16051","1"
"16064","1"
"17514","1"
"16070","1"
"3141","1"
"3118","1"
"17521","1"
"16079","1"
"3116","1"
"3109","1"
"3108","1"
"16091","1"
"3093","1"
"3088","1"
"3081","1"
"3078","1"
"16099","1"
"3070","1"
"16101","1"
"3057","1"
"3042","1"
"3011","1"
"3001","1"
"2990","1"
"2962","1"
"2958","1"
"2950","1"
"2944","1"
"16119","1"
"16122","1"
"16126","1"
"2941","1"
"16130","1"
"2940","1"
"17522","1"
"2939","1"
"420","1"
"18007","1"
"2932","1"
"16153","1"
"16160","1"
"17855","1"
"415","1"
"2931","1"
"2926","1"
"16173","1"
"2910","1"
"2903","1"
"2900","1"
"2899","1"
"16200","1"
"16205","1"
"2874","1"
"413","1"
"16210","1"
"16216","1"
"16222","1"
"16223","1"
"406","1"
"2863","1"
"2859","1"
"2850","1"
"2839","1"
"16242","1"
"2823","1"
"2822","1"
"16253","1"
"16254","1"
"17533","1"
"2803","1"
"16260","1"
"16262","1"
"16263","1"
"16264","1"
"2799","1"
"16267","1"
"2797","1"
"17536","1"
"16270","1"
"18012","1"
"391","1"
"16274","1"
"2794","1"
"16281","1"
"16282","1"
"16283","1"
"16285","1"
"17541","1"
"16287","1"
"16288","1"
"16289","1"
"2781","1"
"381","1"
"2780","1"
"2762","1"
"2760","1"
"16318","1"
"380","1"
"16322","1"
"2755","1"
"2736","1"
"16333","1"
"16336","1"
"16337","1"
"16340","1"
"2733","1"
"2721","1"
"2709","1"
"2687","1"
"2680","1"
"16355","1"
"2673","1"
"2672","1"
"2657","1"
"2633","1"
"2626","1"
"16367","1"
"16371","1"
"2624","1"
"17548","1"
"2599","1"
"2598","1"
"16395","1"
"375","1"
"2595","1"
"16403","1"
"17554","1"
"16406","1"
"371","1"
"369","1"
"2589","1"
"16415","1"
"16417","1"
"2584","1"
"2559","1"
"2558","1"
"16422","1"
"16423","1"
"17557","1"
"2545","1"
"17558","1"
"2485","1"
"2482","1"
"2459","1"
"2449","1"
"2447","1"
"2446","1"
"16460","1"
"16465","1"
"16466","1"
"2427","1"
"2423","1"
"2408","1"
"16474","1"
"2398","1"
"2392","1"
"2379","1"
"2367","1"
"16484","1"
"17559","1"
"343","1"
"28","1"
"2366","1"
"2356","1"
"2344","1"
"17565","1"
"2331","1"
"328","1"
"2323","1"
"2315","1"
"16516","1"
"2313","1"
"2303","1"
"2286","1"
"16524","1"
"16525","1"
"2282","1"
"2280","1"
"16533","1"
"324","1"
"323","1"
"312","1"
"2270","1"
"2250","1"
"2248","1"
"2245","1"
"2234","1"
"2233","1"
"16549","1"
"289","1"
"2223","1"
"2212","1"
"17571","1"
"16555","1"
"16562","1"
"2210","1"
"2185","1"
"283","1"
"2170","1"
"17575","1"
"2169","1"
"2155","1"
"2151","1"
"267","1"
"2120","1"
"16590","1"
"2115","1"
"16592","1"
"2092","1"
"16599","1"
"2088","1"
"17875","1"
"16610","1"
"16615","1"
"17582","1"
"16622","1"
"261","1"
"249","1"
"2087","1"
"16634","1"
"17592","1"
"16637","1"
"16638","1"
"2079","1"
"2070","1"
"2055","1"
"2030","1"
"2027","1"
"17878","1"
"16654","1"
"2016","1"
"2008","1"
"1997","1"
"18015","1"
"239","1"
"16672","1"
"16674","1"
"1993","1"
"1948","1"
"1940","1"
"16683","1"
"16685","1"
"222","1"
"18018","1"
"17607","1"
"1939","1"
"16706","1"
"1937","1"
"210","1"
"16709","1"
"16710","1"
"195","1"
"1936","1"
"1934","1"
"1923","1"
"1913","1"
"1857","1"
"1838","1"
"17613","1"
"17614","1"
"1833","1"
"1831","1"
"1808","1"
"16731","1"
"1805","1"
"17615","1"
"1799","1"
"1783","1"
"17616","1"
"1782","1"
"1777","1"
"1768","1"
"1763","1"
"1719","1"
"1716","1"
"1710","1"
"1704","1"
"1701","1"
"17884","1"
"1696","1"
"1694","1"
"1678","1"
"174","1"
"1677","1"
"1660","1"
"1652","1"
"173","1"
"1650","1"
"1639","1"
"16760","1"
"1636","1"
"1634","1"
"17621","1"
"152","1"
"16766","1"
"1598","1"
"16769","1"
"17625","1"
"16771","1"
"1597","1"
"1582","1"
"16777","1"
"1572","1"
"145","1"
"1568","1"
"1548","1"
"17627","1"
"1546","1"
"16790","1"
"16791","1"
"17629","1"
"1538","1"
"1535","1"
"10791","1"
"10789","1"
"10800","1"
"16803","1"
"10781","1"
"10767","1"
"10765","1"
"10759","1"
"16804","1"
"10821","1"
"10823","1"
"10825","1"
"10757","1"
"10831","1"
"10834","1"
"1530","1"
"1506","1"
"10844","1"
"10845","1"
"10750","1"
"10851","1"
"10852","1"
"10857","1"
"10859","1"
"10725","1"
"10865","1"
"1502","1"
"10724","1"
"17887","1"
"10880","1"
"1494","1"
"10886","1"
"10707","1"
"1490","1"
"10892","1"
"10893","1"
"10695","1"
"10899","1"
"10900","1"
"10693","1"
"10688","1"
"10914","1"
"10687","1"
"10669","1"
"10666","1"
"10659","1"
"1489","1"
"1488","1"
"10614","1"
"10613","1"
"17888","1"
"10937","1"
"10938","1"
"10942","1"
"16816","1"
"10603","1"
"10590","1"
"10969","1"
"10583","1"
"10973","1"
"10975","1"
"10981","1"
"10581","1"
"10983","1"
"10986","1"
"10569","1"
"10568","1"
"10996","1"
"17891","1"
"10999","1"
"11004","1"
"10566","1"
"11009","1"
"11011","1"
"11014","1"
"16820","1"
"10559","1"
"10555","1"
"17643","1"
"11029","1"
"17648","1"
"11035","1"
"11036","1"
"11038","1"
"10554","1"
"17652","1"
"1487","1"
"11045","1"
"10553","1"
"10545","1"
"10526","1"
"10522","1"
"11058","1"
"11059","1"
"11063","1"
"10497","1"
"10495","1"
"11073","1"
"10489","1"
"1483","1"
"10465","1"
"10458","1"
"10442","1"
"11090","1"
"10433","1"
"16827","1"
"11095","1"
"10428","1"
"10427","1"
"10425","1"
"10411","1"
"11103","1"
"10393","1"
"10390","1"
"11116","1"
"10382","1"
"10378","1"
"1481","1"
"11120","1"
"10375","1"
"11125","1"
"10374","1"
"10372","1"
"11128","1"
"10371","1"
"10359","1"
"10358","1"
"10352","1"
"10351","1"
"11165","1"
"10330","1"
"11169","1"
"10320","1"
"141","1"
"10319","1"
"11180","1"
"10310","1"
"1479","1"
"11184","1"
"10301","1"
"11187","1"
"16831","1"
"10296","1"
"11192","1"
"10284","1"
"10283","1"
"136","1"
"11206","1"
"10271","1"
"11224","1"
"16836","1"
"10270","1"
"11232","1"
"10264","1"
"1473","1"
"11236","1"
"11237","1"
"11244","1"
"10261","1"
"10255","1"
"11251","1"
"17655","1"
"1463","1"
"11263","1"
"10247","1"
"10225","1"
"11287","1"
"10219","1"
"10218","1"
"11299","1"
"16842","1"
"11302","1"
"10217","1"
"10206","1"
"11305","1"
"10200","1"
"11308","1"
"11309","1"
"10198","1"
"10192","1"
"10182","1"
"11319","1"
"10166","1"
"11321","1"
"11327","1"
"11335","1"
"16844","1"
"16846","1"
"10162","1"
"11344","1"
"16847","1"
"16850","1"
"11355","1"
"10151","1"
"16853","1"
"1453","1"
"10150","1"
"11362","1"
"10147","1"
"16855","1"
"11366","1"
"11368","1"
"10145","1"
"11372","1"
"10133","1"
"11378","1"
"10110","1"
"11381","1"
"16862","1"
"17656","1"
"10097","1"
"10093","1"
"10091","1"
"10078","1"
"11391","1"
"1437","1"
"1434","1"
"134","1"
"10075","1"
"10060","1"
"11416","1"
"11422","1"
"10059","1"
"11427","1"
"11433","1"
"10056","1"
"10052","1"
"11436","1"
"11439","1"
"10040","1"
"10030","1"
"11444","1"
"9996","1"
"11449","1"
"11450","1"
"9993","1"
"9991","1"
"11468","1"
"16872","1"
"16873","1"
"9987","1"
"9986","1"
"9982","1"
"16875","1"
"9978","1"
"16877","1"
"11486","1"
"11490","1"
"1430","1"
"9969","1"
"16879","1"
"9967","1"
"11505","1"
"1429","1"
"11509","1"
"9964","1"
"11518","1"
"9926","1"
"11523","1"
"11525","1"
"9923","1"
"11533","1"
"9918","1"
"9905","1"
"11540","1"
"1425","1"
"16886","1"
"9899","1"
"11545","1"
"11557","1"
"11558","1"
"9895","1"
"11563","1"
"11570","1"
"11576","1"
"16893","1"
"1393","1"
"9887","1"
"9882","1"
"9868","1"
"1388","1"
"9866","1"
"9863","1"
"1380","1"
"11593","1"
"11596","1"
"9862","1"
"11600","1"
"11609","1"
"1379","1"
"9860","1"
"11617","1"
"9858","1"
"11620","1"
"9849","1"
"11625","1"
"9847","1"
"9839","1"
"11640","1"
"9817","1"
"9807","1"
"1377","1"
"11657","1"
"11658","1"
"9806","1"
"11661","1"
"16910","1"
"9802","1"
"9800","1"
"17666","1"
"9797","1"
"16915","1"
"9794","1"
"16918","1"
"9790","1"
"9773","1"
"9769","1"
"9755","1"
"9752","1"
"1376","1"
"9749","1"
"11686","1"
"9742","1"
"1366","1"
"9737","1"
"17893","1"
"9734","1"
"16923","1"
"17672","1"
"11701","1"
"16926","1"
"9728","1"
"9724","1"
"11707","1"
"16927","1"
"16929","1"
"11712","1"
"9717","1"
"1365","1"
"11723","1"
"11728","1"
"11729","1"
"11731","1"
"9712","1"
"11734","1"
"9688","1"
"16934","1"
"9681","1"
"11747","1"
"9666","1"
"16936","1"
"9663","1"
"16937","1"
"9662","1"
"9655","1"
"9652","1"
"9650","1"
"11769","1"
"9649","1"
"9643","1"
"9642","1"
"11776","1"
"9634","1"
"9626","1"
"11787","1"
"9622","1"
"11793","1"
"9617","1"
"9611","1"
"9588","1"
"11804","1"
"11806","1"
"9579","1"
"11814","1"
"9567","1"
"11818","1"
"11820","1"
"11822","1"
"11823","1"
"11833","1"
"9556","1"
"9553","1"
"9548","1"
"9543","1"
"9538","1"
"9536","1"
"1345","1"
"128","1"
"11862","1"
"16943","1"
"11868","1"
"11869","1"
"9529","1"
"9526","1"
"16945","1"
"9521","1"
"17894","1"
"16948","1"
"11897","1"
"11898","1"
"11899","1"
"9515","1"
"11903","1"
"1338","1"
"17677","1"
"9511","1"
"9496","1"
"9494","1"
"11923","1"
"11926","1"
"9489","1"
"9482","1"
"9477","1"
"11937","1"
"11943","1"
"17898","1"
"11948","1"
"9468","1"
"9465","1"
"16961","1"
"9457","1"
"11963","1"
"9434","1"
"11969","1"
"9427","1"
"9422","1"
"11976","1"
"9421","1"
"9420","1"
"9415","1"
"9406","1"
"11984","1"
"9404","1"
"18113","1"
"9403","1"
"9400","1"
"9397","1"
"9374","1"
"12011","1"
"12012","1"
"9368","1"
"12014","1"
"9338","1"
"1325","1"
"9333","1"
"9329","1"
"9328","1"
"118","1"
"9321","1"
"9318","1"
"1322","1"
"9303","1"
"16972","1"
"9301","1"
"9291","1"
"12049","1"
"9286","1"
"12052","1"
"12054","1"
"9265","1"
"9248","1"
"12058","1"
"12059","1"
"12067","1"
"9239","1"
"9238","1"
"9224","1"
"9222","1"
"9219","1"
"12092","1"
"12093","1"
"12094","1"
"12096","1"
"12106","1"
"112","1"
"12110","1"
"9216","1"
"9213","1"
"9208","1"
"1314","1"
"9206","1"
"9201","1"
"12127","1"
"12128","1"
"12133","1"
"12143","1"
"12149","1"
"1309","1"
"12151","1"
"9200","1"
"9194","1"
"12158","1"
"9190","1"
"9175","1"
"9170","1"
"16981","1"
"1294","1"
"9166","1"
"9164","1"
"9154","1"
"1293","1"
"12179","1"
"9147","1"
"1287","1"
"9144","1"
"9139","1"
"9136","1"
"12194","1"
"9135","1"
"9124","1"
"9110","1"
"9107","1"
"12202","1"
"9096","1"
"12207","1"
"9075","1"
"1285","1"
"9060","1"
"12219","1"
"1281","1"
"1273","1"
"9056","1"
"9047","1"
"9039","1"
"9034","1"
"1260","1"
"12231","1"
"12233","1"
"1258","1"
"12242","1"
